[
    {
        "pk": 4, 
        "model": "data_manager.theme", 
        "fields": {
            "thumbnail": "", 
            "display_name": "Fishing", 
            "name": "fishing", 
            "description": "The Portal will be collecting and integrating data on the productive habitats and rich species diversity that are essential for maintaining healthy fishing areas. "
        }
    }, 
    {
        "pk": 5, 
        "model": "data_manager.theme", 
        "fields": {
            "thumbnail": "", 
            "display_name": "Security", 
            "name": "security", 
            "description": "The Mid-Atlantic is home to important naval installations and training areas, and it\u2019s a busy corridor for commercial shipping and naval and other defense and security operations. "
        }
    }, 
    {
        "pk": 8, 
        "model": "data_manager.theme", 
        "fields": {
            "thumbnail": "", 
            "display_name": "Maritime", 
            "name": "maritime-industries", 
            "description": "The Mid-Atlantic ports are some of the busiest in the nation\u2019s seaport network, which unloads $3.8 billion in goods each day. "
        }
    }, 
    {
        "pk": 2, 
        "model": "data_manager.theme", 
        "fields": {
            "thumbnail": "", 
            "display_name": "Marine Life", 
            "name": "conservation", 
            "description": "Marine Life description..."
        }
    }, 
    {
        "pk": 1, 
        "model": "data_manager.theme", 
        "fields": {
            "thumbnail": "https://s3.amazonaws.com/marco-public-2d/Energy/energy_thumbnail.jpg", 
            "display_name": "Administrative", 
            "name": "administrative", 
            "description": "Administrative description..."
        }
    }, 
    {
        "pk": 7, 
        "model": "data_manager.theme", 
        "fields": {
            "thumbnail": "", 
            "display_name": "Recreation", 
            "name": "recreation", 
            "description": "Recreation description..."
        }
    }, 
    {
        "pk": 3, 
        "model": "data_manager.theme", 
        "fields": {
            "thumbnail": "https://s3.amazonaws.com/marco-public-2d/Energy/energy_thumbnail.jpg", 
            "display_name": "Renewable Energy", 
            "name": "energy", 
            "description": "Offshore wind in the Mid-Atlantic holds more than 60,000 Megawatts of potential energy \u2014 that\u2019s 10% of total U.S. offshore potential. This huge resource could help meet the growing electricity demand in the region, while reducing carbon emissions. \r\n"
        }
    }, 
    {
        "pk": 31, 
        "model": "data_manager.layer", 
        "fields": {
            "layer_type": "Vector", 
            "vector_color": "#A90303", 
            "attribute_event": "mouseover", 
            "name": "Major Canyons", 
            "source": "", 
            "url": "/media/data_manager/geojson/MajorCanyons.json", 
            "kml": "https://d24dyyc6o1jlsa.cloudfront.net/Geophysical/Major_Canyons_files/Major_Canyons.kmz", 
            "attribute_fields": [
                2
            ], 
            "fact_sheet": "", 
            "thumbnail": "", 
            "themes": [
                2
            ], 
            "bookmark": "", 
            "attribute_title": "", 
            "sublayers": [], 
            "is_sublayer": false, 
            "map_tiles": "", 
            "metadata": "", 
            "utfurl": "", 
            "legend": "", 
            "data_download": "", 
            "description": "This data layer represents major canyons of the Mid-Atlantic Coast. These boundaries were created primarily for cartographic purposes and do not represent ecological boundaries."
        }
    }, 
    {
        "pk": 18, 
        "model": "data_manager.layer", 
        "fields": {
            "layer_type": "Vector", 
            "vector_color": "#333333", 
            "attribute_event": "click", 
            "name": "OCS Boundaries", 
            "source": "", 
            "url": "/media/data_manager/geojson/OCSAdminBoundaries.json", 
            "kml": "https://d24dyyc6o1jlsa.cloudfront.net/Admin/Boundaries/OCS_Admin_Boundaries_Files/OCS_administrative_boundary.kmz", 
            "attribute_fields": [], 
            "fact_sheet": "", 
            "thumbnail": "", 
            "themes": [
                1
            ], 
            "bookmark": "", 
            "attribute_title": "", 
            "sublayers": [], 
            "is_sublayer": false, 
            "map_tiles": "", 
            "metadata": "", 
            "utfurl": "", 
            "legend": "", 
            "data_download": "", 
            "description": "Administrative Boundaries extending from the Submerged Lands Act Boundary seaward to the limit of the United States Outer Continental Shelf (The U.S. 200 nautical mile limit, or other marine boundary)."
        }
    }, 
    {
        "pk": 20, 
        "model": "data_manager.layer", 
        "fields": {
            "layer_type": "Vector", 
            "vector_color": "#0070FF", 
            "attribute_event": "mouseover", 
            "name": "Artificial Reefs", 
            "source": "", 
            "url": "/media/data_manager/geojson/ArtificialReefsNoDecimals.json", 
            "kml": "https://d24dyyc6o1jlsa.cloudfront.net/Biological/Artificial_Reefs_Files/Artificial_Reefs.kmz", 
            "attribute_fields": [
                2
            ], 
            "fact_sheet": "", 
            "thumbnail": "", 
            "themes": [
                2
            ], 
            "bookmark": "", 
            "attribute_title": "", 
            "sublayers": [], 
            "is_sublayer": false, 
            "map_tiles": "", 
            "metadata": "", 
            "utfurl": "", 
            "legend": "", 
            "data_download": "", 
            "description": "These are polygon locations of Mid-Atlantic artificial reefs. They were compiled from various state sources."
        }
    }, 
    {
        "pk": 17, 
        "model": "data_manager.layer", 
        "fields": {
            "layer_type": "placeholder", 
            "vector_color": "#A68C5D", 
            "attribute_event": "mouseover", 
            "name": "Protraction Boundaries", 
            "source": "", 
            "url": "/media/data_manager/geojson/BOEMProtractionNoDecimals.json", 
            "kml": "https://d24dyyc6o1jlsa.cloudfront.net/Admin/Boundaries/BOEM_Protraction_Diagram_Files/BOEM_protraction_diagram.kmz", 
            "attribute_fields": [
                3
            ], 
            "fact_sheet": "", 
            "thumbnail": "", 
            "themes": [
                1
            ], 
            "bookmark": "", 
            "attribute_title": "", 
            "sublayers": [], 
            "is_sublayer": false, 
            "map_tiles": "", 
            "metadata": "", 
            "utfurl": "", 
            "legend": "", 
            "data_download": "", 
            "description": "This data set contains Official Protraction Diagram (OPD) outlines."
        }
    }, 
    {
        "pk": 21, 
        "model": "data_manager.layer", 
        "fields": {
            "layer_type": "radio", 
            "vector_color": "", 
            "attribute_event": "click", 
            "name": "Endangered Whales", 
            "source": "", 
            "url": "", 
            "kml": "", 
            "attribute_fields": [], 
            "fact_sheet": "", 
            "thumbnail": "", 
            "themes": [
                2
            ], 
            "bookmark": "", 
            "attribute_title": "", 
            "sublayers": [
                35, 
                36, 
                37, 
                38, 
                39, 
                40, 
                41, 
                42, 
                43, 
                44, 
                45, 
                46, 
                47, 
                48, 
                49, 
                50, 
                51, 
                27, 
                28, 
                29
            ], 
            "is_sublayer": false, 
            "map_tiles": "", 
            "metadata": "", 
            "utfurl": "", 
            "legend": "", 
            "data_download": "", 
            "description": "Sightings for each ten minute square were divided by the effort for each ten minute square to calculate Sightings Per Unit Effort (SPUE).  "
        }
    }, 
    {
        "pk": 19, 
        "model": "data_manager.layer", 
        "fields": {
            "layer_type": "XYZ", 
            "vector_color": null, 
            "attribute_event": "click", 
            "name": "Regional Ocean Councils", 
            "source": "", 
            "url": "https://s3.amazonaws.com/marco-public-2d/Jurisdictions/RegionalOceanCouncilsBoundary/${z}/${x}/${y}.png", 
            "kml": "", 
            "attribute_fields": [], 
            "fact_sheet": "", 
            "thumbnail": "", 
            "themes": [
                1
            ], 
            "bookmark": "", 
            "attribute_title": "", 
            "sublayers": [], 
            "is_sublayer": false, 
            "map_tiles": "", 
            "metadata": "", 
            "utfurl": "", 
            "legend": "https://s3.amazonaws.com/marco-public-2d/Jurisdictions/RegionalOceanCouncilsBoundary/legend.png", 
            "data_download": "", 
            "description": ""
        }
    }, 
    {
        "pk": 15, 
        "model": "data_manager.layer", 
        "fields": {
            "layer_type": "radio", 
            "vector_color": null, 
            "attribute_event": "click", 
            "name": "Fishing Effort", 
            "source": "", 
            "url": "", 
            "kml": "", 
            "attribute_fields": [], 
            "fact_sheet": "", 
            "thumbnail": "", 
            "themes": [
                4
            ], 
            "bookmark": "", 
            "attribute_title": "", 
            "sublayers": [
                11, 
                12, 
                13, 
                14
            ], 
            "is_sublayer": false, 
            "map_tiles": "", 
            "metadata": "", 
            "utfurl": "", 
            "legend": "", 
            "data_download": "", 
            "description": "This is an extract of Fishing Vessel Trip Report (FVTR) data that The Nature Conservancy compiled from raw data received from the National Marine Fisheries Service (NMFS). "
        }
    }, 
    {
        "pk": 27, 
        "model": "data_manager.layer", 
        "fields": {
            "layer_type": "XYZ", 
            "vector_color": null, 
            "attribute_event": "click", 
            "name": "Fin Whales (Spring)", 
            "source": "", 
            "url": "https://s3.amazonaws.com/marco-public-2d/Conservation/EndangeredWhales/FinWhalesSpring/${z}/${x}/${y}.png", 
            "kml": "", 
            "attribute_fields": [], 
            "fact_sheet": "", 
            "thumbnail": "", 
            "themes": [
                2
            ], 
            "bookmark": "", 
            "attribute_title": "", 
            "sublayers": [
                21
            ], 
            "is_sublayer": true, 
            "map_tiles": "", 
            "metadata": "", 
            "utfurl": "", 
            "legend": "https://s3.amazonaws.com/marco-public-2d/Conservation/EndangeredWhales/legend.png", 
            "data_download": "", 
            "description": ""
        }
    }, 
    {
        "pk": 28, 
        "model": "data_manager.layer", 
        "fields": {
            "layer_type": "XYZ", 
            "vector_color": null, 
            "attribute_event": "click", 
            "name": "Fin Whales (Summer)", 
            "source": "", 
            "url": "https://s3.amazonaws.com/marco-public-2d/Conservation/EndangeredWhales/FinWhalesSummer/${z}/${x}/${y}.png", 
            "kml": "", 
            "attribute_fields": [], 
            "fact_sheet": "", 
            "thumbnail": "", 
            "themes": [
                2
            ], 
            "bookmark": "", 
            "attribute_title": "", 
            "sublayers": [
                21
            ], 
            "is_sublayer": true, 
            "map_tiles": "", 
            "metadata": "", 
            "utfurl": "", 
            "legend": "https://s3.amazonaws.com/marco-public-2d/Conservation/EndangeredWhales/legend.png", 
            "data_download": "", 
            "description": ""
        }
    }, 
    {
        "pk": 29, 
        "model": "data_manager.layer", 
        "fields": {
            "layer_type": "XYZ", 
            "vector_color": null, 
            "attribute_event": "click", 
            "name": "Fin Whales (Winter)", 
            "source": "", 
            "url": "https://s3.amazonaws.com/marco-public-2d/Conservation/EndangeredWhales/FinWhalesWinter/${z}/${x}/${y}.png", 
            "kml": "", 
            "attribute_fields": [], 
            "fact_sheet": "", 
            "thumbnail": "", 
            "themes": [
                2
            ], 
            "bookmark": "", 
            "attribute_title": "", 
            "sublayers": [
                21
            ], 
            "is_sublayer": true, 
            "map_tiles": "", 
            "metadata": "", 
            "utfurl": "", 
            "legend": "https://s3.amazonaws.com/marco-public-2d/Conservation/EndangeredWhales/legend.png", 
            "data_download": "", 
            "description": ""
        }
    }, 
    {
        "pk": 16, 
        "model": "data_manager.layer", 
        "fields": {
            "layer_type": "XYZ", 
            "vector_color": null, 
            "attribute_event": "click", 
            "name": "Marine Jurisdictions", 
            "source": "", 
            "url": "https://s3.amazonaws.com/marco-public-2d/Jurisdictions/MarineJurisdictions/${z}/${x}/${y}.png", 
            "kml": "", 
            "attribute_fields": [], 
            "fact_sheet": "", 
            "thumbnail": "", 
            "themes": [
                1
            ], 
            "bookmark": "", 
            "attribute_title": "", 
            "sublayers": [], 
            "is_sublayer": false, 
            "map_tiles": "", 
            "metadata": "", 
            "utfurl": "", 
            "legend": "https://s3.amazonaws.com/marco-public-2d/Jurisdictions/MarineJurisdictions/legend.png", 
            "data_download": "", 
            "description": "The Marine Jurisdiction data set is a standardized compilation of published marine boundaries from the NOAA Office of Coast Survey and the Minerals Management Service."
        }
    }, 
    {
        "pk": 26, 
        "model": "data_manager.layer", 
        "fields": {
            "layer_type": "placeholder", 
            "vector_color": null, 
            "attribute_event": "click", 
            "name": "Important Bird Habitats", 
            "source": "", 
            "url": "", 
            "kml": "", 
            "attribute_fields": [], 
            "fact_sheet": "", 
            "thumbnail": null, 
            "themes": [
                2
            ], 
            "bookmark": "", 
            "attribute_title": null, 
            "sublayers": [], 
            "is_sublayer": false, 
            "map_tiles": "", 
            "metadata": "", 
            "utfurl": "", 
            "legend": "", 
            "data_download": "", 
            "description": ""
        }
    }, 
    {
        "pk": 22, 
        "model": "data_manager.layer", 
        "fields": {
            "layer_type": "XYZ", 
            "vector_color": "", 
            "attribute_event": "click", 
            "name": "Waterbird Survey", 
            "source": "", 
            "url": "https://s3.amazonaws.com/marco-public-2d/Conservation/WaterBirdSurvey/${z}/${x}/${y}.png", 
            "kml": "https://d24dyyc6o1jlsa.cloudfront.net/Biological/Waterbird_Survey_files/Waterbird_Survey.kmz", 
            "attribute_fields": [], 
            "fact_sheet": "", 
            "thumbnail": "", 
            "themes": [
                2
            ], 
            "bookmark": "", 
            "attribute_title": "", 
            "sublayers": [], 
            "is_sublayer": false, 
            "map_tiles": "", 
            "metadata": "", 
            "utfurl": "", 
            "legend": "https://s3.amazonaws.com/marco-public-2d/Conservation/WaterBirdSurvey/legend.png", 
            "data_download": "", 
            "description": "This data layer contains waterbird density blocks extracted from the Minerals Management Service's Mid-Atlantic Waterbird Data Beta Version 1.0. (2001-2003)"
        }
    }, 
    {
        "pk": 23, 
        "model": "data_manager.layer", 
        "fields": {
            "layer_type": "placeholder", 
            "vector_color": null, 
            "attribute_event": "click", 
            "name": "EFH Overlays", 
            "source": "", 
            "url": "", 
            "kml": "", 
            "attribute_fields": [], 
            "fact_sheet": "", 
            "thumbnail": "", 
            "themes": [
                2
            ], 
            "bookmark": "", 
            "attribute_title": "", 
            "sublayers": [], 
            "is_sublayer": false, 
            "map_tiles": "", 
            "metadata": "", 
            "utfurl": "", 
            "legend": "", 
            "data_download": "", 
            "description": ""
        }
    }, 
    {
        "pk": 10, 
        "model": "data_manager.layer", 
        "fields": {
            "layer_type": "XYZ", 
            "vector_color": null, 
            "attribute_event": "click", 
            "name": "AIS Shipping Data", 
            "source": "", 
            "url": "http://s3.amazonaws.com/marco-public-2d/Shipping/AISDensity/${z}/${x}/${y}.png", 
            "kml": "https://s3.amazonaws.com/marco-public-kml/HumanUse/AISdata/geviewer.kml", 
            "attribute_fields": [], 
            "fact_sheet": "", 
            "thumbnail": "", 
            "themes": [
                8
            ], 
            "bookmark": "", 
            "attribute_title": "", 
            "sublayers": [], 
            "is_sublayer": false, 
            "map_tiles": "", 
            "metadata": "", 
            "utfurl": "", 
            "legend": "https://s3.amazonaws.com/marco-public-2d/Shipping/AISDensity/legend.png", 
            "data_download": "", 
            "description": ""
        }
    }, 
    {
        "pk": 35, 
        "model": "data_manager.layer", 
        "fields": {
            "layer_type": "XYZ", 
            "vector_color": null, 
            "attribute_event": "click", 
            "name": "Fin Whales (Winter)", 
            "source": "", 
            "url": "https://s3.amazonaws.com/marco-public-2d/Conservation/EndangeredWhales/FinWhalesWinter/${z}/${x}/${y}.png", 
            "kml": "", 
            "attribute_fields": [], 
            "fact_sheet": "", 
            "thumbnail": "", 
            "themes": [
                2
            ], 
            "bookmark": "", 
            "attribute_title": "", 
            "sublayers": [
                21
            ], 
            "is_sublayer": true, 
            "map_tiles": "", 
            "metadata": "", 
            "utfurl": "", 
            "legend": "https://s3.amazonaws.com/marco-public-2d/Conservation/EndangeredWhales/legend.png", 
            "data_download": "", 
            "description": ""
        }
    }, 
    {
        "pk": 36, 
        "model": "data_manager.layer", 
        "fields": {
            "layer_type": "XYZ", 
            "vector_color": null, 
            "attribute_event": "click", 
            "name": "Humpback Whales (Fall)", 
            "source": "", 
            "url": "https://s3.amazonaws.com/marco-public-2d/Conservation/EndangeredWhales/HumpbackWhalesFall/${z}/${x}/${y}.png", 
            "kml": "", 
            "attribute_fields": [], 
            "fact_sheet": "", 
            "thumbnail": "", 
            "themes": [
                2
            ], 
            "bookmark": "", 
            "attribute_title": "", 
            "sublayers": [
                21
            ], 
            "is_sublayer": true, 
            "map_tiles": "", 
            "metadata": "", 
            "utfurl": "", 
            "legend": "https://s3.amazonaws.com/marco-public-2d/Conservation/EndangeredWhales/legend.png", 
            "data_download": "", 
            "description": ""
        }
    }, 
    {
        "pk": 25, 
        "model": "data_manager.layer", 
        "fields": {
            "layer_type": "placeholder", 
            "vector_color": null, 
            "attribute_event": "click", 
            "name": "Marine Mammal Migration Paths", 
            "source": "", 
            "url": "", 
            "kml": "", 
            "attribute_fields": [], 
            "fact_sheet": "", 
            "thumbnail": null, 
            "themes": [
                2
            ], 
            "bookmark": "", 
            "attribute_title": null, 
            "sublayers": [], 
            "is_sublayer": false, 
            "map_tiles": "", 
            "metadata": "", 
            "utfurl": "", 
            "legend": "", 
            "data_download": "", 
            "description": ""
        }
    }, 
    {
        "pk": 11, 
        "model": "data_manager.layer", 
        "fields": {
            "layer_type": "XYZ", 
            "vector_color": null, 
            "attribute_event": "click", 
            "name": "All Gear Types", 
            "source": "", 
            "url": "http://s3.amazonaws.com/marco-public-2d/Fishing/AllGearTypes/${z}/${x}/${y}.png", 
            "kml": "https://d24dyyc6o1jlsa.cloudfront.net/HumanUse/Fishing_Effort/Fishing_Effort_All_Gear_Types_Files/Fishing_Effort_All_Gear_Types.kmz", 
            "attribute_fields": [], 
            "fact_sheet": "", 
            "thumbnail": "", 
            "themes": [
                4
            ], 
            "bookmark": "", 
            "attribute_title": "", 
            "sublayers": [
                15
            ], 
            "is_sublayer": true, 
            "map_tiles": "", 
            "metadata": "", 
            "utfurl": "", 
            "legend": "https://s3.amazonaws.com/marco-public-2d/Fishing/AllGearTypes/legend.png", 
            "data_download": "", 
            "description": "This is an extract of Fishing Vessel Trip Report (FVTR) data that The Nature Conservancy compiled from raw data received from the National Marine Fisheries Service (NMFS)."
        }
    }, 
    {
        "pk": 12, 
        "model": "data_manager.layer", 
        "fields": {
            "layer_type": "XYZ", 
            "vector_color": null, 
            "attribute_event": "click", 
            "name": "Bottom Gear Types", 
            "source": "", 
            "url": "http://s3.amazonaws.com/marco-public-2d/Fishing/BottomGearTypes/${z}/${x}/${y}.png", 
            "kml": "https://d24dyyc6o1jlsa.cloudfront.net/HumanUse/Fishing_Effort/Fishing_Effort_Bottom_Gear_Types_Files/Fishing_Effort_Bottom_Gear_Types.kmz", 
            "attribute_fields": [], 
            "fact_sheet": "", 
            "thumbnail": "", 
            "themes": [
                4
            ], 
            "bookmark": "", 
            "attribute_title": "", 
            "sublayers": [
                15
            ], 
            "is_sublayer": true, 
            "map_tiles": "", 
            "metadata": "", 
            "utfurl": "", 
            "legend": "https://s3.amazonaws.com/marco-public-2d/Fishing/BottomGearTypes/legend.png", 
            "data_download": "", 
            "description": "This is an extract of Fishing Vessel Trip Report (FVTR) data that The Nature Conservancy compiled from raw data received from the National Marine Fisheries Service (NMFS)."
        }
    }, 
    {
        "pk": 13, 
        "model": "data_manager.layer", 
        "fields": {
            "layer_type": "XYZ", 
            "vector_color": null, 
            "attribute_event": "click", 
            "name": "Pelagic Gear Types", 
            "source": "", 
            "url": "http://s3.amazonaws.com/marco-public-2d/Fishing/PelagicGearTypes/${z}/${x}/${y}.png", 
            "kml": "https://d24dyyc6o1jlsa.cloudfront.net/HumanUse/Fishing_Effort/Fishing_Effort_Pelagic_Gear_Types_Files/Fishing_Effort_Pelagic_Gear_Types.kmz", 
            "attribute_fields": [], 
            "fact_sheet": "", 
            "thumbnail": "", 
            "themes": [
                4
            ], 
            "bookmark": "", 
            "attribute_title": "", 
            "sublayers": [
                15
            ], 
            "is_sublayer": true, 
            "map_tiles": "", 
            "metadata": "", 
            "utfurl": "", 
            "legend": "https://s3.amazonaws.com/marco-public-2d/Fishing/PelagicGearTypes/legend.png", 
            "data_download": "", 
            "description": "This is an extract of Fishing Vessel Trip Report (FVTR) data that The Nature Conservancy compiled from raw data received from the National Marine Fisheries Service (NMFS). "
        }
    }, 
    {
        "pk": 14, 
        "model": "data_manager.layer", 
        "fields": {
            "layer_type": "XYZ", 
            "vector_color": null, 
            "attribute_event": "click", 
            "name": "Summer Flounder Landings", 
            "source": "", 
            "url": "http://s3.amazonaws.com/marco-public-2d/Fishing/SummerFlounderLandings/${z}/${x}/${y}.png", 
            "kml": "https://d24dyyc6o1jlsa.cloudfront.net/HumanUse/Fishing_Effort/Fishing_Effort_Summer_Flounder_Landings_Files/Fishing_Effort_Summer_Flounder_Landings.kmz", 
            "attribute_fields": [], 
            "fact_sheet": "", 
            "thumbnail": "", 
            "themes": [
                4
            ], 
            "bookmark": "", 
            "attribute_title": "", 
            "sublayers": [
                15
            ], 
            "is_sublayer": true, 
            "map_tiles": "", 
            "metadata": "", 
            "utfurl": "", 
            "legend": "https://s3.amazonaws.com/marco-public-2d/Fishing/SummerFlounderLandings/legend.png", 
            "data_download": "", 
            "description": "This is an extract of Fishing Vessel Trip Report (FVTR) data that The Nature Conservancy compiled from raw data received from the National Marine Fisheries Service (NMFS). "
        }
    }, 
    {
        "pk": 8, 
        "model": "data_manager.layer", 
        "fields": {
            "layer_type": "Vector", 
            "vector_color": "#e66101", 
            "attribute_event": "mouseover", 
            "name": "Wind Energy Areas", 
            "source": "http://boem.gov/Renewable-Energy-Program/Smart-from-the-Start/Index.aspx", 
            "url": "/media/data_manager/geojson/WindEnergyAreas.json", 
            "kml": "https://d24dyyc6o1jlsa.cloudfront.net/Admin/Management/WEA_Files/WEA.kmz", 
            "attribute_fields": [
                1
            ], 
            "fact_sheet": "", 
            "thumbnail": "", 
            "themes": [
                3
            ], 
            "bookmark": "/visualize/#location%5Bx%5D=-74.5658203125002&location%5By%5D=38.280823516230726&location%5Bzoom%5D=7&activeLayers%5B0%5D%5Bid%5D=8&activeLayers%5B0%5D%5Bopacity%5D=0.5", 
            "attribute_title": "", 
            "sublayers": [], 
            "is_sublayer": false, 
            "map_tiles": "", 
            "metadata": "https://s3.amazonaws.com/marco-public-2d/Energy/WEA/wind_energy_areas.htm", 
            "utfurl": "", 
            "legend": "", 
            "data_download": "", 
            "description": "WEAs are offshore locations that appear most suitable for wind energy development. "
        }
    }, 
    {
        "pk": 34, 
        "model": "data_manager.layer", 
        "fields": {
            "layer_type": "Vector", 
            "vector_color": "#70338F", 
            "attribute_event": "click", 
            "name": "Submarine Cables", 
            "source": "", 
            "url": "/media/data_manager/geojson/SubmarineCablesNoDecimals.json", 
            "kml": "https://d24dyyc6o1jlsa.cloudfront.net/HumanUse/Submarine_Cables_Files/Submarine_Cables.kmz", 
            "attribute_fields": [], 
            "fact_sheet": "", 
            "thumbnail": "", 
            "themes": [
                8
            ], 
            "bookmark": "", 
            "attribute_title": "", 
            "sublayers": [], 
            "is_sublayer": false, 
            "map_tiles": "", 
            "metadata": "", 
            "utfurl": "", 
            "legend": "", 
            "data_download": "", 
            "description": "This represents cables that have been laid underwater or buried beneath the seabed."
        }
    }, 
    {
        "pk": 9, 
        "model": "data_manager.layer", 
        "fields": {
            "layer_type": "XYZ", 
            "vector_color": null, 
            "attribute_event": "click", 
            "name": "Sediment Grain Size", 
            "source": "", 
            "url": "https://s3.amazonaws.com/marco-public-2d/Conservation/SedimentGrainSize/${z}/${x}/${y}.png", 
            "kml": "https://d24dyyc6o1jlsa.cloudfront.net/Geophysical/GrainSize/geviewer.kml", 
            "attribute_fields": [], 
            "fact_sheet": "", 
            "thumbnail": "", 
            "themes": [
                2
            ], 
            "bookmark": "", 
            "attribute_title": "", 
            "sublayers": [], 
            "is_sublayer": false, 
            "map_tiles": "", 
            "metadata": "", 
            "utfurl": "", 
            "legend": "https://s3.amazonaws.com/marco-public-2d/Conservation/SedimentGrainSize/legend.png", 
            "data_download": "", 
            "description": "The Nature Conservancy developed this science-based ecoregional assessment for the Northwest Atlantic Marine region (Bay of Fundy to Cape Hatteras, North Carolina). This assessment synthesizes information on oceanography, chemistry, geology, biology, and social science to inform decisions about coastal and marine ecosystems. "
        }
    }, 
    {
        "pk": 30, 
        "model": "data_manager.layer", 
        "fields": {
            "layer_type": "XYZ", 
            "vector_color": null, 
            "attribute_event": "click", 
            "name": "Essential Fish Habitat", 
            "source": "", 
            "url": "https://s3.amazonaws.com/marco-public-2d/Conservation/EssentialFishHabitat/${z}/${x}/${y}.png", 
            "kml": "https://d24dyyc6o1jlsa.cloudfront.net/Biological/EFH_Files/Essential_Fish_Habitat.kmz", 
            "attribute_fields": [], 
            "fact_sheet": "", 
            "thumbnail": "", 
            "themes": [
                2
            ], 
            "bookmark": "", 
            "attribute_title": "", 
            "sublayers": [], 
            "is_sublayer": false, 
            "map_tiles": "", 
            "metadata": "", 
            "utfurl": "", 
            "legend": "https://s3.amazonaws.com/marco-public-2d/Conservation/EssentialFishHabitat/legend.png", 
            "data_download": "", 
            "description": "Essential Fish Habitat (EFH) is defined as those waters and substrate necessary to fish for spawning, breeding, feeding, or growth to maturity (16 U.S.C. 1802(10)). "
        }
    }, 
    {
        "pk": 33, 
        "model": "data_manager.layer", 
        "fields": {
            "layer_type": "XYZ", 
            "vector_color": null, 
            "attribute_event": "click", 
            "name": "Seabed Form", 
            "source": "", 
            "url": "https://s3.amazonaws.com/marco-public-2d/Conservation/SeabedForm/${z}/${x}/${y}.png", 
            "kml": "https://d24dyyc6o1jlsa.cloudfront.net/Geophysical/SeabedForm/geviewer.kml", 
            "attribute_fields": [], 
            "fact_sheet": "", 
            "thumbnail": "", 
            "themes": [
                2
            ], 
            "bookmark": "", 
            "attribute_title": "", 
            "sublayers": [], 
            "is_sublayer": false, 
            "map_tiles": "", 
            "metadata": "", 
            "utfurl": "", 
            "legend": "https://s3.amazonaws.com/marco-public-2d/Conservation/SeabedForm/legend.png", 
            "data_download": "", 
            "description": "Seabed forms classify seafloor topography into discrete units. Derived from The Nature Conservancy's derived digital bathymetry, seabed forms can be described by a combination of just two variables: seabed position and slope. "
        }
    }, 
    {
        "pk": 43, 
        "model": "data_manager.layer", 
        "fields": {
            "layer_type": "XYZ", 
            "vector_color": null, 
            "attribute_event": "click", 
            "name": "Narwhals (Winter)", 
            "source": "", 
            "url": "https://s3.amazonaws.com/marco-public-2d/Conservation/EndangeredWhales/NARWhalesWinter/${z}/${x}/${y}.png", 
            "kml": "", 
            "attribute_fields": [], 
            "fact_sheet": "", 
            "thumbnail": "", 
            "themes": [
                2
            ], 
            "bookmark": "", 
            "attribute_title": "", 
            "sublayers": [
                21
            ], 
            "is_sublayer": true, 
            "map_tiles": "", 
            "metadata": "", 
            "utfurl": "", 
            "legend": "https://s3.amazonaws.com/marco-public-2d/Conservation/EndangeredWhales/legend.png", 
            "data_download": "", 
            "description": ""
        }
    }, 
    {
        "pk": 54, 
        "model": "data_manager.layer", 
        "fields": {
            "layer_type": "Vector", 
            "vector_color": "#FF0505", 
            "attribute_event": "click", 
            "name": "Ship Traffic Separation Zones", 
            "source": "", 
            "url": "/media/data_manager/geojson/ShipTrafficSeparationZones.json", 
            "kml": "", 
            "attribute_fields": [], 
            "fact_sheet": "", 
            "thumbnail": "", 
            "themes": [
                8
            ], 
            "bookmark": "", 
            "attribute_title": "", 
            "sublayers": [], 
            "is_sublayer": false, 
            "map_tiles": "", 
            "metadata": "", 
            "utfurl": "", 
            "legend": "", 
            "data_download": "", 
            "description": ""
        }
    }, 
    {
        "pk": 44, 
        "model": "data_manager.layer", 
        "fields": {
            "layer_type": "XYZ", 
            "vector_color": null, 
            "attribute_event": "click", 
            "name": "Sei Whales (Spring)", 
            "source": "", 
            "url": "https://s3.amazonaws.com/marco-public-2d/Conservation/EndangeredWhales/SeiWhalesFall/${z}/${x}/${y}.png", 
            "kml": "", 
            "attribute_fields": [], 
            "fact_sheet": "", 
            "thumbnail": "", 
            "themes": [
                2
            ], 
            "bookmark": "", 
            "attribute_title": "", 
            "sublayers": [
                21
            ], 
            "is_sublayer": true, 
            "map_tiles": "", 
            "metadata": "", 
            "utfurl": "", 
            "legend": "https://s3.amazonaws.com/marco-public-2d/Conservation/EndangeredWhales/legend.png", 
            "data_download": "", 
            "description": ""
        }
    }, 
    {
        "pk": 7, 
        "model": "data_manager.layer", 
        "fields": {
            "layer_type": "XYZ", 
            "vector_color": "", 
            "attribute_event": "click", 
            "name": "Wind Speed", 
            "source": "http://www.nrel.gov/gis/wind.html", 
            "url": "https://s3.amazonaws.com/marco-public-2d/Energy/WindSpeedNew/${z}/${x}/${y}.png", 
            "kml": "https://d24dyyc6o1jlsa.cloudfront.net/Geophysical/WindSpeed/geviewer.kml", 
            "attribute_fields": [], 
            "fact_sheet": "", 
            "thumbnail": "", 
            "themes": [
                3
            ], 
            "bookmark": "/visualize/#location%5Bx%5D=-74.62075195312462&location%5By%5D=38.706459372318534&location%5Bzoom%5D=7&activeLayers%5B0%5D%5Bid%5D=7&activeLayers%5B0%5D%5Bopacity%5D=0.5", 
            "attribute_title": "", 
            "sublayers": [], 
            "is_sublayer": false, 
            "map_tiles": "", 
            "metadata": "", 
            "utfurl": "", 
            "legend": "https://s3.amazonaws.com/marco-public-2d/Energy/WindSpeed/legend.png", 
            "data_download": "", 
            "description": "Annual average wind speeds are closely related to the available energy at a particular location and are categorized in these data by their value at a height of 90 meters above the surface. "
        }
    }, 
    {
        "pk": 6, 
        "model": "data_manager.layer", 
        "fields": {
            "layer_type": "XYZ", 
            "vector_color": null, 
            "attribute_event": "click", 
            "name": "OCS Lease Blocks", 
            "source": "http://www.csc.noaa.gov/digitalcoast/data/ocsleaseblocks", 
            "url": "https://s3.amazonaws.com/marco-public-2d/Jurisdictions/OCSBlocks/${z}/${x}/${y}.png", 
            "kml": "https://d24dyyc6o1jlsa.cloudfront.net/Admin/Boundaries/OCS_Admin_Boundaries_Files/OCS_administrative_boundary.kmz", 
            "attribute_fields": [], 
            "fact_sheet": "", 
            "thumbnail": "", 
            "themes": [
                1
            ], 
            "bookmark": "/visualize/#location%5Bx%5D=-72.0897766113308&location%5By%5D=38.720389611375886&location%5Bzoom%5D=6&activeLayers%5B0%5D%5Bid%5D=6&activeLayers%5B0%5D%5Bopacity%5D=0.5", 
            "attribute_title": "", 
            "sublayers": [], 
            "is_sublayer": false, 
            "map_tiles": "", 
            "metadata": "", 
            "utfurl": "/media/data_manager/utfgrid/ocs_leaseblocks/${z}/${x}/${y}.json", 
            "legend": "", 
            "data_download": "", 
            "description": "Outer Continental Shelf (OCS) lease blocks and administrative boundaries are generated to define small geographic areas that identify federal land ownership and support offshore resource management."
        }
    }, 
    {
        "pk": 37, 
        "model": "data_manager.layer", 
        "fields": {
            "layer_type": "XYZ", 
            "vector_color": null, 
            "attribute_event": "click", 
            "name": "Humpback Whales (Spring)", 
            "source": "", 
            "url": "https://s3.amazonaws.com/marco-public-2d/Conservation/EndangeredWhales/HumpbackWhalesSpring/${z}/${x}/${y}.png", 
            "kml": "", 
            "attribute_fields": [], 
            "fact_sheet": "", 
            "thumbnail": "", 
            "themes": [
                2
            ], 
            "bookmark": "", 
            "attribute_title": "", 
            "sublayers": [
                21
            ], 
            "is_sublayer": true, 
            "map_tiles": "", 
            "metadata": "", 
            "utfurl": "", 
            "legend": "https://s3.amazonaws.com/marco-public-2d/Conservation/EndangeredWhales/legend.png", 
            "data_download": "", 
            "description": ""
        }
    }, 
    {
        "pk": 39, 
        "model": "data_manager.layer", 
        "fields": {
            "layer_type": "XYZ", 
            "vector_color": null, 
            "attribute_event": "click", 
            "name": "Humpback Whales (Winter)", 
            "source": "", 
            "url": "https://s3.amazonaws.com/marco-public-2d/Conservation/EndangeredWhales/HumpbackWhalesWinter/${z}/${x}/${y}.png", 
            "kml": "", 
            "attribute_fields": [], 
            "fact_sheet": "", 
            "thumbnail": "", 
            "themes": [
                2
            ], 
            "bookmark": "", 
            "attribute_title": "", 
            "sublayers": [
                21
            ], 
            "is_sublayer": true, 
            "map_tiles": "", 
            "metadata": "", 
            "utfurl": "", 
            "legend": "https://s3.amazonaws.com/marco-public-2d/Conservation/EndangeredWhales/legend.png", 
            "data_download": "", 
            "description": ""
        }
    }, 
    {
        "pk": 38, 
        "model": "data_manager.layer", 
        "fields": {
            "layer_type": "XYZ", 
            "vector_color": null, 
            "attribute_event": "click", 
            "name": "Humpback Whales (Summer)", 
            "source": "", 
            "url": "https://s3.amazonaws.com/marco-public-2d/Conservation/EndangeredWhales/HumpbackWhalesSummer/${z}/${x}/${y}.png", 
            "kml": "", 
            "attribute_fields": [], 
            "fact_sheet": "", 
            "thumbnail": "", 
            "themes": [
                2
            ], 
            "bookmark": "", 
            "attribute_title": "", 
            "sublayers": [
                21
            ], 
            "is_sublayer": true, 
            "map_tiles": "", 
            "metadata": "", 
            "utfurl": "", 
            "legend": "https://s3.amazonaws.com/marco-public-2d/Conservation/EndangeredWhales/legend.png", 
            "data_download": "", 
            "description": ""
        }
    }, 
    {
        "pk": 40, 
        "model": "data_manager.layer", 
        "fields": {
            "layer_type": "XYZ", 
            "vector_color": null, 
            "attribute_event": "click", 
            "name": "Narwhals (Fall)", 
            "source": "", 
            "url": "https://s3.amazonaws.com/marco-public-2d/Conservation/EndangeredWhales/NARWhalesFall/${z}/${x}/${y}.png", 
            "kml": "", 
            "attribute_fields": [], 
            "fact_sheet": "", 
            "thumbnail": "", 
            "themes": [
                2
            ], 
            "bookmark": "", 
            "attribute_title": "", 
            "sublayers": [
                21
            ], 
            "is_sublayer": true, 
            "map_tiles": "", 
            "metadata": "", 
            "utfurl": "", 
            "legend": "https://s3.amazonaws.com/marco-public-2d/Conservation/EndangeredWhales/legend.png", 
            "data_download": "", 
            "description": ""
        }
    }, 
    {
        "pk": 45, 
        "model": "data_manager.layer", 
        "fields": {
            "layer_type": "XYZ", 
            "vector_color": null, 
            "attribute_event": "click", 
            "name": "Sei Whales (Summer)", 
            "source": "", 
            "url": "https://s3.amazonaws.com/marco-public-2d/Conservation/EndangeredWhales/SeiWhalesSummer/${z}/${x}/${y}.png", 
            "kml": "", 
            "attribute_fields": [], 
            "fact_sheet": "", 
            "thumbnail": "", 
            "themes": [
                2
            ], 
            "bookmark": "", 
            "attribute_title": "", 
            "sublayers": [
                21
            ], 
            "is_sublayer": true, 
            "map_tiles": "", 
            "metadata": "", 
            "utfurl": "", 
            "legend": "https://s3.amazonaws.com/marco-public-2d/Conservation/EndangeredWhales/legend.png", 
            "data_download": "", 
            "description": ""
        }
    }, 
    {
        "pk": 41, 
        "model": "data_manager.layer", 
        "fields": {
            "layer_type": "XYZ", 
            "vector_color": null, 
            "attribute_event": "click", 
            "name": "Narwhals (Spring)", 
            "source": "", 
            "url": "https://s3.amazonaws.com/marco-public-2d/Conservation/EndangeredWhales/NARWhalesSpring/${z}/${x}/${y}.png", 
            "kml": "", 
            "attribute_fields": [], 
            "fact_sheet": "", 
            "thumbnail": "", 
            "themes": [
                2
            ], 
            "bookmark": "", 
            "attribute_title": "", 
            "sublayers": [
                21
            ], 
            "is_sublayer": true, 
            "map_tiles": "", 
            "metadata": "", 
            "utfurl": "", 
            "legend": "https://s3.amazonaws.com/marco-public-2d/Conservation/EndangeredWhales/legend.png", 
            "data_download": "", 
            "description": ""
        }
    }, 
    {
        "pk": 46, 
        "model": "data_manager.layer", 
        "fields": {
            "layer_type": "XYZ", 
            "vector_color": null, 
            "attribute_event": "click", 
            "name": "Sei Whales (Winter)", 
            "source": "", 
            "url": "https://s3.amazonaws.com/marco-public-2d/Conservation/EndangeredWhales/SeiWhalesWinter/${z}/${x}/${y}.png", 
            "kml": "", 
            "attribute_fields": [], 
            "fact_sheet": "", 
            "thumbnail": "", 
            "themes": [
                2
            ], 
            "bookmark": "", 
            "attribute_title": "", 
            "sublayers": [
                21
            ], 
            "is_sublayer": true, 
            "map_tiles": "", 
            "metadata": "", 
            "utfurl": "", 
            "legend": "https://s3.amazonaws.com/marco-public-2d/Conservation/EndangeredWhales/legend.png", 
            "data_download": "", 
            "description": ""
        }
    }, 
    {
        "pk": 47, 
        "model": "data_manager.layer", 
        "fields": {
            "layer_type": "XYZ", 
            "vector_color": null, 
            "attribute_event": "click", 
            "name": "Sei Whales (Fall)", 
            "source": "", 
            "url": "https://s3.amazonaws.com/marco-public-2d/Conservation/EndangeredWhales/SeiWhalesFall/${z}/${x}/${y}.png", 
            "kml": "", 
            "attribute_fields": [], 
            "fact_sheet": "", 
            "thumbnail": "", 
            "themes": [
                2
            ], 
            "bookmark": "", 
            "attribute_title": "", 
            "sublayers": [
                21
            ], 
            "is_sublayer": true, 
            "map_tiles": "", 
            "metadata": "", 
            "utfurl": "", 
            "legend": "https://s3.amazonaws.com/marco-public-2d/Conservation/EndangeredWhales/legend.png", 
            "data_download": "", 
            "description": ""
        }
    }, 
    {
        "pk": 48, 
        "model": "data_manager.layer", 
        "fields": {
            "layer_type": "XYZ", 
            "vector_color": null, 
            "attribute_event": "click", 
            "name": "Sperm Whales (Fall)", 
            "source": "", 
            "url": "https://s3.amazonaws.com/marco-public-2d/Conservation/EndangeredWhales/SpermWhalesFall/${z}/${x}/${y}.png", 
            "kml": "", 
            "attribute_fields": [], 
            "fact_sheet": "", 
            "thumbnail": "", 
            "themes": [
                2
            ], 
            "bookmark": "", 
            "attribute_title": "", 
            "sublayers": [
                21
            ], 
            "is_sublayer": true, 
            "map_tiles": "", 
            "metadata": "", 
            "utfurl": "", 
            "legend": "https://s3.amazonaws.com/marco-public-2d/Conservation/EndangeredWhales/legend.png", 
            "data_download": "", 
            "description": ""
        }
    }, 
    {
        "pk": 42, 
        "model": "data_manager.layer", 
        "fields": {
            "layer_type": "XYZ", 
            "vector_color": null, 
            "attribute_event": "click", 
            "name": "Narwhals (Summer)", 
            "source": "", 
            "url": "https://s3.amazonaws.com/marco-public-2d/Conservation/EndangeredWhales/NARWhalesSummer/${z}/${x}/${y}.png", 
            "kml": "", 
            "attribute_fields": [], 
            "fact_sheet": "", 
            "thumbnail": "", 
            "themes": [
                2
            ], 
            "bookmark": "", 
            "attribute_title": "", 
            "sublayers": [
                21
            ], 
            "is_sublayer": true, 
            "map_tiles": "", 
            "metadata": "", 
            "utfurl": "", 
            "legend": "https://s3.amazonaws.com/marco-public-2d/Conservation/EndangeredWhales/legend.png", 
            "data_download": "", 
            "description": ""
        }
    }, 
    {
        "pk": 49, 
        "model": "data_manager.layer", 
        "fields": {
            "layer_type": "XYZ", 
            "vector_color": null, 
            "attribute_event": "click", 
            "name": "Sperm Whales (Spring)", 
            "source": "", 
            "url": "https://s3.amazonaws.com/marco-public-2d/Conservation/EndangeredWhales/SpermWhalesSpring/${z}/${x}/${y}.png", 
            "kml": "", 
            "attribute_fields": [], 
            "fact_sheet": "", 
            "thumbnail": "", 
            "themes": [
                2
            ], 
            "bookmark": "", 
            "attribute_title": "", 
            "sublayers": [
                21
            ], 
            "is_sublayer": true, 
            "map_tiles": "", 
            "metadata": "", 
            "utfurl": "", 
            "legend": "https://s3.amazonaws.com/marco-public-2d/Conservation/EndangeredWhales/legend.png", 
            "data_download": "", 
            "description": ""
        }
    }, 
    {
        "pk": 24, 
        "model": "data_manager.layer", 
        "fields": {
            "layer_type": "XYZ", 
            "vector_color": null, 
            "attribute_event": "click", 
            "name": "Benthic Habitats (South)", 
            "source": "", 
            "url": "https://s3.amazonaws.com/marco-public-2d/Conservation/BenthicHabitatsMidAtlantic/${z}/${x}/${y}.png", 
            "kml": "", 
            "attribute_fields": [], 
            "fact_sheet": "", 
            "thumbnail": "", 
            "themes": [
                2
            ], 
            "bookmark": "", 
            "attribute_title": "", 
            "sublayers": [], 
            "is_sublayer": false, 
            "map_tiles": "", 
            "metadata": "", 
            "utfurl": "", 
            "legend": "", 
            "data_download": "", 
            "description": ""
        }
    }, 
    {
        "pk": 50, 
        "model": "data_manager.layer", 
        "fields": {
            "layer_type": "XYZ", 
            "vector_color": null, 
            "attribute_event": "click", 
            "name": "Sperm Whales (Summer)", 
            "source": "", 
            "url": "https://s3.amazonaws.com/marco-public-2d/Conservation/EndangeredWhales/SpermWhalesSummer/${z}/${x}/${y}.png", 
            "kml": "", 
            "attribute_fields": [], 
            "fact_sheet": "", 
            "thumbnail": "", 
            "themes": [
                2
            ], 
            "bookmark": "", 
            "attribute_title": "", 
            "sublayers": [
                21
            ], 
            "is_sublayer": true, 
            "map_tiles": "", 
            "metadata": "", 
            "utfurl": "", 
            "legend": "https://s3.amazonaws.com/marco-public-2d/Conservation/EndangeredWhales/legend.png", 
            "data_download": "", 
            "description": ""
        }
    }, 
    {
        "pk": 51, 
        "model": "data_manager.layer", 
        "fields": {
            "layer_type": "XYZ", 
            "vector_color": null, 
            "attribute_event": "click", 
            "name": "Sperm Whales (Winter)", 
            "source": "", 
            "url": "https://s3.amazonaws.com/marco-public-2d/Conservation/EndangeredWhales/SpermWhalesWinter/${z}/${x}/${y}.png", 
            "kml": "", 
            "attribute_fields": [], 
            "fact_sheet": "", 
            "thumbnail": "", 
            "themes": [
                2
            ], 
            "bookmark": "", 
            "attribute_title": "", 
            "sublayers": [
                21
            ], 
            "is_sublayer": true, 
            "map_tiles": "", 
            "metadata": "", 
            "utfurl": "", 
            "legend": "https://s3.amazonaws.com/marco-public-2d/Conservation/EndangeredWhales/legend.png", 
            "data_download": "", 
            "description": ""
        }
    }, 
    {
        "pk": 52, 
        "model": "data_manager.layer", 
        "fields": {
            "layer_type": "XYZ", 
            "vector_color": null, 
            "attribute_event": "click", 
            "name": "Benthic Habitats (North)", 
            "source": "", 
            "url": "https://s3.amazonaws.com/marco-public-2d/Conservation/BenthicHabitatsSouthernNE/${z}/${x}/${y}.png", 
            "kml": "", 
            "attribute_fields": [], 
            "fact_sheet": "", 
            "thumbnail": "", 
            "themes": [
                2
            ], 
            "bookmark": "", 
            "attribute_title": "", 
            "sublayers": [], 
            "is_sublayer": false, 
            "map_tiles": "", 
            "metadata": "", 
            "utfurl": "", 
            "legend": "", 
            "data_download": "", 
            "description": ""
        }
    }, 
    {
        "pk": 53, 
        "model": "data_manager.layer", 
        "fields": {
            "layer_type": "XYZ", 
            "vector_color": null, 
            "attribute_event": "click", 
            "name": "Sea Level Rise Vulnerability", 
            "source": "", 
            "url": "https://s3.amazonaws.com/marco-public-2d/Conservation/SLRVulnerability/${z}/${x}/${y}.png", 
            "kml": "", 
            "attribute_fields": [], 
            "fact_sheet": "", 
            "thumbnail": "", 
            "themes": [
                2
            ], 
            "bookmark": "", 
            "attribute_title": "", 
            "sublayers": [], 
            "is_sublayer": false, 
            "map_tiles": "", 
            "metadata": "", 
            "utfurl": "", 
            "legend": "https://s3.amazonaws.com/marco-public-2d/Conservation/SLRVulnerability/legend.png", 
            "data_download": "", 
            "description": ""
        }
    }, 
    {
        "pk": 2, 
        "model": "data_manager.attributeinfo", 
        "fields": {
            "field_name": "NAME", 
            "display_name": "", 
            "order": 1
        }
    }, 
    {
        "pk": 3, 
        "model": "data_manager.attributeinfo", 
        "fields": {
            "field_name": "PROT_NAME", 
            "display_name": "", 
            "order": 1
        }
    }, 
    {
        "pk": 1, 
        "model": "data_manager.attributeinfo", 
        "fields": {
            "field_name": "STATE", 
            "display_name": "WEA:  ", 
            "order": 1
        }
    }, 
    {
        "pk": 4, 
        "model": "data_manager.dataneed", 
        "fields": {
            "status": "Efforts underway to incorporate authorized data into Portal\r\n", 
            "name": "Turtles --Sightings per Unit Effort (SPUE) ", 
            "expected_date": "As soon as vetted by Portal Data Review Team ", 
            "notes": "Need to add summary SPUE grid for all three species assessed (green, leatherback and Atlantic loggerhead turtles) across seasons.\r\n", 
            "source": "\"TNC NAM ERA compiled data;  source of data U.S. Navy Marine Resource Assessment (MRA) for the Northeast and Virginia Capes\" ", 
            "contact": "The Nature Conservancy ", 
            "contact_email": "", 
            "description": "Important areas for sea turtles were determined from point sightings data. Data were assessed, combined and converted from seasonal species sightings into ten minute squares and effort-corrected.  The resulting sightings per unit effort (SPUE) grids were used to identify important areas within the region for each species.\r\n"
        }
    }, 
    {
        "pk": 1, 
        "model": "data_manager.dataneed", 
        "fields": {
            "status": "Efforts underway to incorporate authorized data into Portal\r\n", 
            "name": "Military, hazard and restricted areas", 
            "expected_date": "Unknown ", 
            "notes": "DOD has produced draft East Coast OCS Wind Energy Assessment for BOEM; in addition, DOD Oil and Gas Stipulation Layer exists on Cadastre\r\n", 
            "source": "USCG & DOD including ACOE, Navy, etc. ", 
            "contact": "NOAA CSC  ", 
            "contact_email": "", 
            "description": "Information pertaining to uses of the marine environment by the Department of Defense for training, classified or restricted areas, with unexploded ordinances, etc.\r\n"
        }
    }, 
    {
        "pk": 2, 
        "model": "data_manager.dataneed", 
        "fields": {
            "status": "Efforts underway to incorporate authorized data into Portal\r\n", 
            "name": "Coldwater coral locations  ", 
            "expected_date": "June, 2012 ", 
            "notes": "Points represent only where corals were observed.  The absence of a point does not necessarily indicate the absence of corals. \r\n", 
            "source": "Multiple sources ", 
            "contact": "NOAA Biogeography Branch  ", 
            "contact_email": "", 
            "description": "Known point locations on coldwater corals and associated taxonomic information in Mid-Atlantic\r\n"
        }
    }, 
    {
        "pk": 3, 
        "model": "data_manager.dataneed", 
        "fields": {
            "status": "Efforts underway to incorporate authorized data into Portal\r\n", 
            "name": "Marine Mammals--Sightings per Unit Effort (SPUE) ", 
            "expected_date": "As soon as vetted by Portal Data Review Team ", 
            "notes": "Need to add summary data layers with SPUE grids combined for multiple species and seasons (e.g. all toothed whales).  Assessed species include include fin whale, humpback whale, minke whale, northern Atlantic right whale, sperm whale, sei whale, Atlantic whitesided dolphin, bottlenose dolphin, harbor porpoise, and Atlantic striped dolphin.\r\n", 
            "source": "\"TNC NAM ERA compiled data;  source of data U.S. Navy Marine Resource Assessment (MRA) for the Northeast and Virginia Capes\" ", 
            "contact": "The Nature Conservancy ", 
            "contact_email": "", 
            "description": "\"Important areas for marine mammals were\r\ndetermined from point sightings data. Data were assessed, combined and converted from seasonal species sightings into ten minute squares and effort-corrected. The resulting sightings per unit effort (SPUE) grids were used to identify important areas within the region for each species.\"\r\n"
        }
    }
]