[
    {
        "pk": 4,
        "model": "data_manager.theme",
        "fields": {
            "thumbnail": "",
            "display_name": "Fishing",
            "name": "fishing",
            "description": "The Portal will be collecting and integrating data on the productive habitats and rich species diversity that are essential for maintaining healthy fishing areas. "
        }
    },
    {
        "pk": 5,
        "model": "data_manager.theme",
        "fields": {
            "thumbnail": "",
            "display_name": "Security",
            "name": "security",
            "description": "The Mid-Atlantic is home to important naval installations and training areas, and it\u2019s a busy corridor for commercial shipping and naval and other defense and security operations. "
        }
    },
    {
        "pk": 8,
        "model": "data_manager.theme",
        "fields": {
            "thumbnail": "",
            "display_name": "Maritime",
            "name": "maritime-industries",
            "description": "The Mid-Atlantic ports are some of the busiest in the nation\u2019s seaport network, which unloads $3.8 billion in goods each day. "
        }
    },
    {
        "pk": 2,
        "model": "data_manager.theme",
        "fields": {
            "thumbnail": "",
            "display_name": "Marine Life",
            "name": "conservation",
            "description": "Marine Life description..."
        }
    },
    {
        "pk": 1,
        "model": "data_manager.theme",
        "fields": {
            "thumbnail": "https://s3.amazonaws.com/marco-public-2d/Energy/energy_thumbnail.jpg",
            "display_name": "Administrative",
            "name": "administrative",
            "description": "Administrative description..."
        }
    },
    {
        "pk": 7,
        "model": "data_manager.theme",
        "fields": {
            "thumbnail": "",
            "display_name": "Recreation",
            "name": "recreation",
            "description": "Recreation description..."
        }
    },
    {
        "pk": 3,
        "model": "data_manager.theme",
        "fields": {
            "thumbnail": "https://s3.amazonaws.com/marco-public-2d/Energy/energy_thumbnail.jpg",
            "display_name": "Renewable Energy",
            "name": "energy",
            "description": "Offshore wind in the Mid-Atlantic holds more than 60,000 Megawatts of potential energy \u2014 that\u2019s 10% of total U.S. offshore potential. This huge resource could help meet the growing electricity demand in the region, while reducing carbon emissions. \r\n"
        }
    },
    {
        "pk": 41,
        "model": "data_manager.layer",
        "fields": {
            "layer_type": "XYZ",
            "vector_color": "",
            "attribute_event": "click",
            "name": "Right Whales (Spring)",
            "source": "",
            "url": "https://s3.amazonaws.com/marco-public-2d/Conservation/EndangeredWhales/NARWhalesSpring/${z}/${x}/${y}.png",
            "kml": "",
            "attribute_fields": [],
            "fact_sheet": "",
            "thumbnail": "",
            "themes": [
                2
            ],
            "bookmark": "",
            "attribute_title": "",
            "sublayers": [
                21
            ],
            "is_sublayer": true,
            "map_tiles": "",
            "metadata": "",
            "utfurl": "",
            "legend": "https://s3.amazonaws.com/marco-public-2d/Conservation/EndangeredWhales/legend.png",
            "data_download": "",
            "description": ""
        }
    },
    {
        "pk": 42,
        "model": "data_manager.layer",
        "fields": {
            "layer_type": "XYZ",
            "vector_color": "",
            "attribute_event": "click",
            "name": "Right Whales (Summer)",
            "source": "",
            "url": "https://s3.amazonaws.com/marco-public-2d/Conservation/EndangeredWhales/NARWhalesSummer/${z}/${x}/${y}.png",
            "kml": "",
            "attribute_fields": [],
            "fact_sheet": "",
            "thumbnail": "",
            "themes": [
                2
            ],
            "bookmark": "",
            "attribute_title": "",
            "sublayers": [
                21
            ],
            "is_sublayer": true,
            "map_tiles": "",
            "metadata": "",
            "utfurl": "",
            "legend": "https://s3.amazonaws.com/marco-public-2d/Conservation/EndangeredWhales/legend.png",
            "data_download": "",
            "description": ""
        }
    },
    {
        "pk": 43,
        "model": "data_manager.layer",
        "fields": {
            "layer_type": "XYZ",
            "vector_color": "",
            "attribute_event": "click",
            "name": "Right Whales (Winter)",
            "source": "",
            "url": "https://s3.amazonaws.com/marco-public-2d/Conservation/EndangeredWhales/NARWhalesWinter/${z}/${x}/${y}.png",
            "kml": "",
            "attribute_fields": [],
            "fact_sheet": "",
            "thumbnail": "",
            "themes": [
                2
            ],
            "bookmark": "",
            "attribute_title": "",
            "sublayers": [
                21
            ],
            "is_sublayer": true,
            "map_tiles": "",
            "metadata": "",
            "utfurl": "",
            "legend": "https://s3.amazonaws.com/marco-public-2d/Conservation/EndangeredWhales/legend.png",
            "data_download": "",
            "description": ""
        }
    },
    {
        "pk": 20,
        "model": "data_manager.layer",
        "fields": {
            "layer_type": "Vector",
            "vector_color": "#0070FF",
            "attribute_event": "mouseover",
            "name": "Artificial Reefs",
            "source": "",
            "url": "/media/data_manager/geojson/ArtificialReefsNoDecimals.json",
            "kml": "https://d24dyyc6o1jlsa.cloudfront.net/Biological/Artificial_Reefs_Files/Artificial_Reefs.kmz",
            "attribute_fields": [
                2
            ],
            "fact_sheet": "",
            "thumbnail": "",
            "themes": [
                2
            ],
            "bookmark": "",
            "attribute_title": "",
            "sublayers": [],
            "is_sublayer": false,
            "map_tiles": "",
            "metadata": "",
            "utfurl": "",
            "legend": "",
            "data_download": "",
            "description": "These are polygon locations of Mid-Atlantic artificial reefs. They were compiled from various state sources."
        }
    },
    {
        "pk": 21,
        "model": "data_manager.layer",
        "fields": {
            "layer_type": "radio",
            "vector_color": "",
            "attribute_event": "click",
            "name": "Endangered Whales",
            "source": "",
            "url": "",
            "kml": "",
            "attribute_fields": [],
            "fact_sheet": "",
            "thumbnail": "",
            "themes": [
                2
            ],
            "bookmark": "",
            "attribute_title": "",
            "sublayers": [
                40,
                41,
                42,
                43,
                27,
                28,
                29,
                35,
                36,
                44,
                37,
                39,
                38,
                45,
                46,
                47,
                48,
                49,
                50,
                51
            ],
            "is_sublayer": false,
            "map_tiles": "",
            "metadata": "",
            "utfurl": "",
            "legend": "",
            "data_download": "",
            "description": "Sightings for each ten minute square were divided by the effort for each ten minute square to calculate Sightings Per Unit Effort (SPUE).  "
        }
    },
    {
        "pk": 26,
        "model": "data_manager.layer",
        "fields": {
            "layer_type": "placeholder",
            "vector_color": null,
            "attribute_event": "click",
            "name": "Important Bird Habitats",
            "source": "",
            "url": "",
            "kml": "",
            "attribute_fields": [],
            "fact_sheet": "",
            "thumbnail": null,
            "themes": [
                2
            ],
            "bookmark": "",
            "attribute_title": null,
            "sublayers": [],
            "is_sublayer": false,
            "map_tiles": "",
            "metadata": "",
            "utfurl": "",
            "legend": "",
            "data_download": "",
            "description": ""
        }
    },
    {
        "pk": 23,
        "model": "data_manager.layer",
        "fields": {
            "layer_type": "placeholder",
            "vector_color": null,
            "attribute_event": "click",
            "name": "EFH Overlays",
            "source": "",
            "url": "",
            "kml": "",
            "attribute_fields": [],
            "fact_sheet": "",
            "thumbnail": "",
            "themes": [
                2
            ],
            "bookmark": "",
            "attribute_title": "",
            "sublayers": [],
            "is_sublayer": false,
            "map_tiles": "",
            "metadata": "",
            "utfurl": "",
            "legend": "",
            "data_download": "",
            "description": ""
        }
    },
    {
        "pk": 25,
        "model": "data_manager.layer",
        "fields": {
            "layer_type": "placeholder",
            "vector_color": null,
            "attribute_event": "click",
            "name": "Marine Mammal Migration Paths",
            "source": "",
            "url": "",
            "kml": "",
            "attribute_fields": [],
            "fact_sheet": "",
            "thumbnail": null,
            "themes": [
                2
            ],
            "bookmark": "",
            "attribute_title": null,
            "sublayers": [],
            "is_sublayer": false,
            "map_tiles": "",
            "metadata": "",
            "utfurl": "",
            "legend": "",
            "data_download": "",
            "description": ""
        }
    },
    {
        "pk": 44,
        "model": "data_manager.layer",
        "fields": {
            "layer_type": "XYZ",
            "vector_color": null,
            "attribute_event": "click",
            "name": "Sei Whales (Spring)",
            "source": "",
            "url": "https://s3.amazonaws.com/marco-public-2d/Conservation/EndangeredWhales/SeiWhalesFall/${z}/${x}/${y}.png",
            "kml": "",
            "attribute_fields": [],
            "fact_sheet": "",
            "thumbnail": "",
            "themes": [
                2
            ],
            "bookmark": "",
            "attribute_title": "",
            "sublayers": [
                21
            ],
            "is_sublayer": true,
            "map_tiles": "",
            "metadata": "",
            "utfurl": "",
            "legend": "https://s3.amazonaws.com/marco-public-2d/Conservation/EndangeredWhales/legend.png",
            "data_download": "",
            "description": ""
        }
    },
    {
        "pk": 46,
        "model": "data_manager.layer",
        "fields": {
            "layer_type": "XYZ",
            "vector_color": null,
            "attribute_event": "click",
            "name": "Sei Whales (Winter)",
            "source": "",
            "url": "https://s3.amazonaws.com/marco-public-2d/Conservation/EndangeredWhales/SeiWhalesWinter/${z}/${x}/${y}.png",
            "kml": "",
            "attribute_fields": [],
            "fact_sheet": "",
            "thumbnail": "",
            "themes": [
                2
            ],
            "bookmark": "",
            "attribute_title": "",
            "sublayers": [
                21
            ],
            "is_sublayer": true,
            "map_tiles": "",
            "metadata": "",
            "utfurl": "",
            "legend": "https://s3.amazonaws.com/marco-public-2d/Conservation/EndangeredWhales/legend.png",
            "data_download": "",
            "description": ""
        }
    },
    {
        "pk": 47,
        "model": "data_manager.layer",
        "fields": {
            "layer_type": "XYZ",
            "vector_color": null,
            "attribute_event": "click",
            "name": "Sei Whales (Fall)",
            "source": "",
            "url": "https://s3.amazonaws.com/marco-public-2d/Conservation/EndangeredWhales/SeiWhalesFall/${z}/${x}/${y}.png",
            "kml": "",
            "attribute_fields": [],
            "fact_sheet": "",
            "thumbnail": "",
            "themes": [
                2
            ],
            "bookmark": "",
            "attribute_title": "",
            "sublayers": [
                21
            ],
            "is_sublayer": true,
            "map_tiles": "",
            "metadata": "",
            "utfurl": "",
            "legend": "https://s3.amazonaws.com/marco-public-2d/Conservation/EndangeredWhales/legend.png",
            "data_download": "",
            "description": ""
        }
    },
    {
        "pk": 48,
        "model": "data_manager.layer",
        "fields": {
            "layer_type": "XYZ",
            "vector_color": null,
            "attribute_event": "click",
            "name": "Sperm Whales (Fall)",
            "source": "",
            "url": "https://s3.amazonaws.com/marco-public-2d/Conservation/EndangeredWhales/SpermWhalesFall/${z}/${x}/${y}.png",
            "kml": "",
            "attribute_fields": [],
            "fact_sheet": "",
            "thumbnail": "",
            "themes": [
                2
            ],
            "bookmark": "",
            "attribute_title": "",
            "sublayers": [
                21
            ],
            "is_sublayer": true,
            "map_tiles": "",
            "metadata": "",
            "utfurl": "",
            "legend": "https://s3.amazonaws.com/marco-public-2d/Conservation/EndangeredWhales/legend.png",
            "data_download": "",
            "description": ""
        }
    },
    {
        "pk": 49,
        "model": "data_manager.layer",
        "fields": {
            "layer_type": "XYZ",
            "vector_color": null,
            "attribute_event": "click",
            "name": "Sperm Whales (Spring)",
            "source": "",
            "url": "https://s3.amazonaws.com/marco-public-2d/Conservation/EndangeredWhales/SpermWhalesSpring/${z}/${x}/${y}.png",
            "kml": "",
            "attribute_fields": [],
            "fact_sheet": "",
            "thumbnail": "",
            "themes": [
                2
            ],
            "bookmark": "",
            "attribute_title": "",
            "sublayers": [
                21
            ],
            "is_sublayer": true,
            "map_tiles": "",
            "metadata": "",
            "utfurl": "",
            "legend": "https://s3.amazonaws.com/marco-public-2d/Conservation/EndangeredWhales/legend.png",
            "data_download": "",
            "description": ""
        }
    },
    {
        "pk": 31,
        "model": "data_manager.layer",
        "fields": {
            "layer_type": "Vector",
            "vector_color": "#A90303",
            "attribute_event": "mouseover",
            "name": "Major Canyons",
            "source": "",
            "url": "/media/data_manager/geojson/MajorCanyons.json",
            "kml": "https://d24dyyc6o1jlsa.cloudfront.net/Geophysical/Major_Canyons_files/Major_Canyons.kmz",
            "attribute_fields": [
                2
            ],
            "fact_sheet": "",
            "thumbnail": "",
            "themes": [
                2
            ],
            "bookmark": "",
            "attribute_title": "",
            "sublayers": [],
            "is_sublayer": false,
            "map_tiles": "",
            "metadata": "",
            "utfurl": "",
            "legend": "",
            "data_download": "",
            "description": "This data layer represents major canyons of the Mid-Atlantic Coast. These boundaries were created primarily for cartographic purposes and do not represent ecological boundaries."
        }
    },
    {
        "pk": 12,
        "model": "data_manager.layer",
        "fields": {
            "layer_type": "XYZ",
            "vector_color": null,
            "attribute_event": "click",
            "name": "Bottom Gear Types",
            "source": "",
            "url": "http://s3.amazonaws.com/marco-public-2d/Fishing/BottomGearTypes/${z}/${x}/${y}.png",
            "kml": "https://d24dyyc6o1jlsa.cloudfront.net/HumanUse/Fishing_Effort/Fishing_Effort_Bottom_Gear_Types_Files/Fishing_Effort_Bottom_Gear_Types.kmz",
            "attribute_fields": [],
            "fact_sheet": "",
            "thumbnail": "",
            "themes": [
                4
            ],
            "bookmark": "",
            "attribute_title": "",
            "sublayers": [
                15
            ],
            "is_sublayer": true,
            "map_tiles": "",
            "metadata": "",
            "utfurl": "",
            "legend": "https://s3.amazonaws.com/marco-public-2d/Fishing/BottomGearTypes/legend.png",
            "data_download": "",
            "description": "This is an extract of Fishing Vessel Trip Report (FVTR) data that The Nature Conservancy compiled from raw data received from the National Marine Fisheries Service (NMFS)."
        }
    },
    {
        "pk": 51,
        "model": "data_manager.layer",
        "fields": {
            "layer_type": "XYZ",
            "vector_color": null,
            "attribute_event": "click",
            "name": "Sperm Whales (Winter)",
            "source": "",
            "url": "https://s3.amazonaws.com/marco-public-2d/Conservation/EndangeredWhales/SpermWhalesWinter/${z}/${x}/${y}.png",
            "kml": "",
            "attribute_fields": [],
            "fact_sheet": "",
            "thumbnail": "",
            "themes": [
                2
            ],
            "bookmark": "",
            "attribute_title": "",
            "sublayers": [
                21
            ],
            "is_sublayer": true,
            "map_tiles": "",
            "metadata": "",
            "utfurl": "",
            "legend": "https://s3.amazonaws.com/marco-public-2d/Conservation/EndangeredWhales/legend.png",
            "data_download": "",
            "description": ""
        }
    },
    {
        "pk": 52,
        "model": "data_manager.layer",
        "fields": {
            "layer_type": "XYZ",
            "vector_color": null,
            "attribute_event": "click",
            "name": "Benthic Habitats (North)",
            "source": "",
            "url": "https://s3.amazonaws.com/marco-public-2d/Conservation/BenthicHabitatsSouthernNE/${z}/${x}/${y}.png",
            "kml": "",
            "attribute_fields": [],
            "fact_sheet": "",
            "thumbnail": "",
            "themes": [
                2
            ],
            "bookmark": "",
            "attribute_title": "",
            "sublayers": [],
            "is_sublayer": false,
            "map_tiles": "",
            "metadata": "",
            "utfurl": "",
            "legend": "",
            "data_download": "",
            "description": ""
        }
    },
    {
        "pk": 53,
        "model": "data_manager.layer",
        "fields": {
            "layer_type": "XYZ",
            "vector_color": null,
            "attribute_event": "click",
            "name": "Sea Level Rise Vulnerability",
            "source": "",
            "url": "https://s3.amazonaws.com/marco-public-2d/Conservation/SLRVulnerability/${z}/${x}/${y}.png",
            "kml": "",
            "attribute_fields": [],
            "fact_sheet": "",
            "thumbnail": "",
            "themes": [
                2
            ],
            "bookmark": "",
            "attribute_title": "",
            "sublayers": [],
            "is_sublayer": false,
            "map_tiles": "",
            "metadata": "",
            "utfurl": "",
            "legend": "https://s3.amazonaws.com/marco-public-2d/Conservation/SLRVulnerability/legend.png",
            "data_download": "",
            "description": ""
        }
    },
    {
        "pk": 17,
        "model": "data_manager.layer",
        "fields": {
            "layer_type": "placeholder",
            "vector_color": "#A68C5D",
            "attribute_event": "mouseover",
            "name": "Protraction Boundaries",
            "source": "",
            "url": "/media/data_manager/geojson/BOEMProtractionNoDecimals.json",
            "kml": "https://d24dyyc6o1jlsa.cloudfront.net/Admin/Boundaries/BOEM_Protraction_Diagram_Files/BOEM_protraction_diagram.kmz",
            "attribute_fields": [
                3
            ],
            "fact_sheet": "",
            "thumbnail": "",
            "themes": [
                1
            ],
            "bookmark": "",
            "attribute_title": "",
            "sublayers": [],
            "is_sublayer": false,
            "map_tiles": "",
            "metadata": "",
            "utfurl": "",
            "legend": "",
            "data_download": "",
            "description": "This data set contains Official Protraction Diagram (OPD) outlines."
        }
    },
    {
        "pk": 15,
        "model": "data_manager.layer",
        "fields": {
            "layer_type": "radio",
            "vector_color": null,
            "attribute_event": "click",
            "name": "Fishing Effort",
            "source": "",
            "url": "",
            "kml": "",
            "attribute_fields": [],
            "fact_sheet": "",
            "thumbnail": "",
            "themes": [
                4
            ],
            "bookmark": "",
            "attribute_title": "",
            "sublayers": [
                12,
                11,
                13,
                14
            ],
            "is_sublayer": false,
            "map_tiles": "",
            "metadata": "",
            "utfurl": "",
            "legend": "",
            "data_download": "",
            "description": "This is an extract of Fishing Vessel Trip Report (FVTR) data that The Nature Conservancy compiled from raw data received from the National Marine Fisheries Service (NMFS). "
        }
    },
    {
        "pk": 27,
        "model": "data_manager.layer",
        "fields": {
            "layer_type": "XYZ",
            "vector_color": null,
            "attribute_event": "click",
            "name": "Fin Whales (Spring)",
            "source": "",
            "url": "https://s3.amazonaws.com/marco-public-2d/Conservation/EndangeredWhales/FinWhalesSpring/${z}/${x}/${y}.png",
            "kml": "",
            "attribute_fields": [],
            "fact_sheet": "",
            "thumbnail": "",
            "themes": [
                2
            ],
            "bookmark": "",
            "attribute_title": "",
            "sublayers": [
                21
            ],
            "is_sublayer": true,
            "map_tiles": "",
            "metadata": "",
            "utfurl": "",
            "legend": "https://s3.amazonaws.com/marco-public-2d/Conservation/EndangeredWhales/legend.png",
            "data_download": "",
            "description": ""
        }
    },
    {
        "pk": 28,
        "model": "data_manager.layer",
        "fields": {
            "layer_type": "XYZ",
            "vector_color": null,
            "attribute_event": "click",
            "name": "Fin Whales (Summer)",
            "source": "",
            "url": "https://s3.amazonaws.com/marco-public-2d/Conservation/EndangeredWhales/FinWhalesSummer/${z}/${x}/${y}.png",
            "kml": "",
            "attribute_fields": [],
            "fact_sheet": "",
            "thumbnail": "",
            "themes": [
                2
            ],
            "bookmark": "",
            "attribute_title": "",
            "sublayers": [
                21
            ],
            "is_sublayer": true,
            "map_tiles": "",
            "metadata": "",
            "utfurl": "",
            "legend": "https://s3.amazonaws.com/marco-public-2d/Conservation/EndangeredWhales/legend.png",
            "data_download": "",
            "description": ""
        }
    },
    {
        "pk": 11,
        "model": "data_manager.layer",
        "fields": {
            "layer_type": "XYZ",
            "vector_color": null,
            "attribute_event": "click",
            "name": "All Gear Types",
            "source": "",
            "url": "http://s3.amazonaws.com/marco-public-2d/Fishing/AllGearTypes/${z}/${x}/${y}.png",
            "kml": "https://d24dyyc6o1jlsa.cloudfront.net/HumanUse/Fishing_Effort/Fishing_Effort_All_Gear_Types_Files/Fishing_Effort_All_Gear_Types.kmz",
            "attribute_fields": [],
            "fact_sheet": "",
            "thumbnail": "",
            "themes": [
                4
            ],
            "bookmark": "",
            "attribute_title": "",
            "sublayers": [
                15
            ],
            "is_sublayer": true,
            "map_tiles": "",
            "metadata": "",
            "utfurl": "",
            "legend": "https://s3.amazonaws.com/marco-public-2d/Fishing/AllGearTypes/legend.png",
            "data_download": "",
            "description": "This is an extract of Fishing Vessel Trip Report (FVTR) data that The Nature Conservancy compiled from raw data received from the National Marine Fisheries Service (NMFS)."
        }
    },
    {
        "pk": 9,
        "model": "data_manager.layer",
        "fields": {
            "layer_type": "XYZ",
            "vector_color": null,
            "attribute_event": "click",
            "name": "Sediment Grain Size",
            "source": "",
            "url": "https://s3.amazonaws.com/marco-public-2d/Conservation/SedimentGrainSize/${z}/${x}/${y}.png",
            "kml": "https://d24dyyc6o1jlsa.cloudfront.net/Geophysical/GrainSize/geviewer.kml",
            "attribute_fields": [],
            "fact_sheet": "",
            "thumbnail": "",
            "themes": [
                2
            ],
            "bookmark": "",
            "attribute_title": "",
            "sublayers": [],
            "is_sublayer": false,
            "map_tiles": "",
            "metadata": "",
            "utfurl": "",
            "legend": "https://s3.amazonaws.com/marco-public-2d/Conservation/SedimentGrainSize/legend.png",
            "data_download": "",
            "description": "The Nature Conservancy developed this science-based ecoregional assessment for the Northwest Atlantic Marine region (Bay of Fundy to Cape Hatteras, North Carolina). This assessment synthesizes information on oceanography, chemistry, geology, biology, and social science to inform decisions about coastal and marine ecosystems. "
        }
    },
    {
        "pk": 30,
        "model": "data_manager.layer",
        "fields": {
            "layer_type": "XYZ",
            "vector_color": null,
            "attribute_event": "click",
            "name": "Essential Fish Habitat",
            "source": "",
            "url": "https://s3.amazonaws.com/marco-public-2d/Conservation/EssentialFishHabitat/${z}/${x}/${y}.png",
            "kml": "https://d24dyyc6o1jlsa.cloudfront.net/Biological/EFH_Files/Essential_Fish_Habitat.kmz",
            "attribute_fields": [],
            "fact_sheet": "",
            "thumbnail": "",
            "themes": [
                2
            ],
            "bookmark": "",
            "attribute_title": "",
            "sublayers": [],
            "is_sublayer": false,
            "map_tiles": "",
            "metadata": "",
            "utfurl": "",
            "legend": "https://s3.amazonaws.com/marco-public-2d/Conservation/EssentialFishHabitat/legend.png",
            "data_download": "",
            "description": "Essential Fish Habitat (EFH) is defined as those waters and substrate necessary to fish for spawning, breeding, feeding, or growth to maturity (16 U.S.C. 1802(10)). "
        }
    },
    {
        "pk": 33,
        "model": "data_manager.layer",
        "fields": {
            "layer_type": "XYZ",
            "vector_color": null,
            "attribute_event": "click",
            "name": "Seabed Form",
            "source": "",
            "url": "https://s3.amazonaws.com/marco-public-2d/Conservation/SeabedForm/${z}/${x}/${y}.png",
            "kml": "https://d24dyyc6o1jlsa.cloudfront.net/Geophysical/SeabedForm/geviewer.kml",
            "attribute_fields": [],
            "fact_sheet": "",
            "thumbnail": "",
            "themes": [
                2
            ],
            "bookmark": "",
            "attribute_title": "",
            "sublayers": [],
            "is_sublayer": false,
            "map_tiles": "",
            "metadata": "",
            "utfurl": "",
            "legend": "https://s3.amazonaws.com/marco-public-2d/Conservation/SeabedForm/legend.png",
            "data_download": "",
            "description": "Seabed forms classify seafloor topography into discrete units. Derived from The Nature Conservancy's derived digital bathymetry, seabed forms can be described by a combination of just two variables: seabed position and slope. "
        }
    },
    {
        "pk": 54,
        "model": "data_manager.layer",
        "fields": {
            "layer_type": "Vector",
            "vector_color": "#FF0505",
            "attribute_event": "click",
            "name": "Ship Traffic Separation Zones",
            "source": "",
            "url": "/media/data_manager/geojson/ShipTrafficSeparationZones.json",
            "kml": "",
            "attribute_fields": [],
            "fact_sheet": "",
            "thumbnail": "",
            "themes": [
                8
            ],
            "bookmark": "",
            "attribute_title": "",
            "sublayers": [],
            "is_sublayer": false,
            "map_tiles": "",
            "metadata": "",
            "utfurl": "",
            "legend": "",
            "data_download": "",
            "description": ""
        }
    },
    {
        "pk": 6,
        "model": "data_manager.layer",
        "fields": {
            "layer_type": "XYZ",
            "vector_color": null,
            "attribute_event": "click",
            "name": "OCS Lease Blocks",
            "source": "http://www.csc.noaa.gov/digitalcoast/data/ocsleaseblocks",
            "url": "https://s3.amazonaws.com/marco-public-2d/Jurisdictions/OCSBlocks/${z}/${x}/${y}.png",
            "kml": "https://d24dyyc6o1jlsa.cloudfront.net/Admin/Boundaries/OCS_Admin_Boundaries_Files/OCS_administrative_boundary.kmz",
            "attribute_fields": [],
            "fact_sheet": "",
            "thumbnail": "",
            "themes": [
                1
            ],
            "bookmark": "/visualize/#location%5Bx%5D=-72.0897766113308&location%5By%5D=38.720389611375886&location%5Bzoom%5D=6&activeLayers%5B0%5D%5Bid%5D=6&activeLayers%5B0%5D%5Bopacity%5D=0.5",
            "attribute_title": "",
            "sublayers": [],
            "is_sublayer": false,
            "map_tiles": "",
            "metadata": "",
            "utfurl": "/media/data_manager/utfgrid/ocs_leaseblocks/${z}/${x}/${y}.json",
            "legend": "",
            "data_download": "",
            "description": "Outer Continental Shelf (OCS) lease blocks and administrative boundaries are generated to define small geographic areas that identify federal land ownership and support offshore resource management."
        }
    },
    {
        "pk": 50,
        "model": "data_manager.layer",
        "fields": {
            "layer_type": "XYZ",
            "vector_color": null,
            "attribute_event": "click",
            "name": "Sperm Whales (Summer)",
            "source": "",
            "url": "https://s3.amazonaws.com/marco-public-2d/Conservation/EndangeredWhales/SpermWhalesSummer/${z}/${x}/${y}.png",
            "kml": "",
            "attribute_fields": [],
            "fact_sheet": "",
            "thumbnail": "",
            "themes": [
                2
            ],
            "bookmark": "",
            "attribute_title": "",
            "sublayers": [
                21
            ],
            "is_sublayer": true,
            "map_tiles": "",
            "metadata": "",
            "utfurl": "",
            "legend": "https://s3.amazonaws.com/marco-public-2d/Conservation/EndangeredWhales/legend.png",
            "data_download": "",
            "description": ""
        }
    },
    {
        "pk": 13,
        "model": "data_manager.layer",
        "fields": {
            "layer_type": "XYZ",
            "vector_color": null,
            "attribute_event": "click",
            "name": "Pelagic Gear Types",
            "source": "",
            "url": "http://s3.amazonaws.com/marco-public-2d/Fishing/PelagicGearTypes/${z}/${x}/${y}.png",
            "kml": "https://d24dyyc6o1jlsa.cloudfront.net/HumanUse/Fishing_Effort/Fishing_Effort_Pelagic_Gear_Types_Files/Fishing_Effort_Pelagic_Gear_Types.kmz",
            "attribute_fields": [],
            "fact_sheet": "",
            "thumbnail": "",
            "themes": [
                4
            ],
            "bookmark": "",
            "attribute_title": "",
            "sublayers": [
                15
            ],
            "is_sublayer": true,
            "map_tiles": "",
            "metadata": "",
            "utfurl": "",
            "legend": "https://s3.amazonaws.com/marco-public-2d/Fishing/PelagicGearTypes/legend.png",
            "data_download": "",
            "description": "This is an extract of Fishing Vessel Trip Report (FVTR) data that The Nature Conservancy compiled from raw data received from the National Marine Fisheries Service (NMFS). "
        }
    },
    {
        "pk": 40,
        "model": "data_manager.layer",
        "fields": {
            "layer_type": "XYZ",
            "vector_color": "",
            "attribute_event": "click",
            "name": "Right Whales (Fall)",
            "source": "",
            "url": "https://s3.amazonaws.com/marco-public-2d/Conservation/EndangeredWhales/NARWhalesFall/${z}/${x}/${y}.png",
            "kml": "",
            "attribute_fields": [],
            "fact_sheet": "",
            "thumbnail": "",
            "themes": [
                2
            ],
            "bookmark": "",
            "attribute_title": "",
            "sublayers": [
                21
            ],
            "is_sublayer": true,
            "map_tiles": "",
            "metadata": "",
            "utfurl": "",
            "legend": "https://s3.amazonaws.com/marco-public-2d/Conservation/EndangeredWhales/legend.png",
            "data_download": "",
            "description": ""
        }
    },
    {
        "pk": 35,
        "model": "data_manager.layer",
        "fields": {
            "layer_type": "XYZ",
            "vector_color": null,
            "attribute_event": "click",
            "name": "Fin Whales (Winter)",
            "source": "",
            "url": "https://s3.amazonaws.com/marco-public-2d/Conservation/EndangeredWhales/FinWhalesWinter/${z}/${x}/${y}.png",
            "kml": "",
            "attribute_fields": [],
            "fact_sheet": "",
            "thumbnail": "",
            "themes": [
                2
            ],
            "bookmark": "",
            "attribute_title": "",
            "sublayers": [
                21
            ],
            "is_sublayer": true,
            "map_tiles": "",
            "metadata": "",
            "utfurl": "",
            "legend": "https://s3.amazonaws.com/marco-public-2d/Conservation/EndangeredWhales/legend.png",
            "data_download": "",
            "description": ""
        }
    },
    {
        "pk": 36,
        "model": "data_manager.layer",
        "fields": {
            "layer_type": "XYZ",
            "vector_color": null,
            "attribute_event": "click",
            "name": "Humpback Whales (Fall)",
            "source": "",
            "url": "https://s3.amazonaws.com/marco-public-2d/Conservation/EndangeredWhales/HumpbackWhalesFall/${z}/${x}/${y}.png",
            "kml": "",
            "attribute_fields": [],
            "fact_sheet": "",
            "thumbnail": "",
            "themes": [
                2
            ],
            "bookmark": "",
            "attribute_title": "",
            "sublayers": [
                21
            ],
            "is_sublayer": true,
            "map_tiles": "",
            "metadata": "",
            "utfurl": "",
            "legend": "https://s3.amazonaws.com/marco-public-2d/Conservation/EndangeredWhales/legend.png",
            "data_download": "",
            "description": ""
        }
    },
    {
        "pk": 37,
        "model": "data_manager.layer",
        "fields": {
            "layer_type": "XYZ",
            "vector_color": null,
            "attribute_event": "click",
            "name": "Humpback Whales (Spring)",
            "source": "",
            "url": "https://s3.amazonaws.com/marco-public-2d/Conservation/EndangeredWhales/HumpbackWhalesSpring/${z}/${x}/${y}.png",
            "kml": "",
            "attribute_fields": [],
            "fact_sheet": "",
            "thumbnail": "",
            "themes": [
                2
            ],
            "bookmark": "",
            "attribute_title": "",
            "sublayers": [
                21
            ],
            "is_sublayer": true,
            "map_tiles": "",
            "metadata": "",
            "utfurl": "",
            "legend": "https://s3.amazonaws.com/marco-public-2d/Conservation/EndangeredWhales/legend.png",
            "data_download": "",
            "description": ""
        }
    },
    {
        "pk": 39,
        "model": "data_manager.layer",
        "fields": {
            "layer_type": "XYZ",
            "vector_color": null,
            "attribute_event": "click",
            "name": "Humpback Whales (Winter)",
            "source": "",
            "url": "https://s3.amazonaws.com/marco-public-2d/Conservation/EndangeredWhales/HumpbackWhalesWinter/${z}/${x}/${y}.png",
            "kml": "",
            "attribute_fields": [],
            "fact_sheet": "",
            "thumbnail": "",
            "themes": [
                2
            ],
            "bookmark": "",
            "attribute_title": "",
            "sublayers": [
                21
            ],
            "is_sublayer": true,
            "map_tiles": "",
            "metadata": "",
            "utfurl": "",
            "legend": "https://s3.amazonaws.com/marco-public-2d/Conservation/EndangeredWhales/legend.png",
            "data_download": "",
            "description": ""
        }
    },
    {
        "pk": 38,
        "model": "data_manager.layer",
        "fields": {
            "layer_type": "XYZ",
            "vector_color": null,
            "attribute_event": "click",
            "name": "Humpback Whales (Summer)",
            "source": "",
            "url": "https://s3.amazonaws.com/marco-public-2d/Conservation/EndangeredWhales/HumpbackWhalesSummer/${z}/${x}/${y}.png",
            "kml": "",
            "attribute_fields": [],
            "fact_sheet": "",
            "thumbnail": "",
            "themes": [
                2
            ],
            "bookmark": "",
            "attribute_title": "",
            "sublayers": [
                21
            ],
            "is_sublayer": true,
            "map_tiles": "",
            "metadata": "",
            "utfurl": "",
            "legend": "https://s3.amazonaws.com/marco-public-2d/Conservation/EndangeredWhales/legend.png",
            "data_download": "",
            "description": ""
        }
    },
    {
        "pk": 24,
        "model": "data_manager.layer",
        "fields": {
            "layer_type": "XYZ",
            "vector_color": null,
            "attribute_event": "click",
            "name": "Benthic Habitats (South)",
            "source": "",
            "url": "https://s3.amazonaws.com/marco-public-2d/Conservation/BenthicHabitatsMidAtlantic/${z}/${x}/${y}.png",
            "kml": "",
            "attribute_fields": [],
            "fact_sheet": "",
            "thumbnail": "",
            "themes": [
                2
            ],
            "bookmark": "",
            "attribute_title": "",
            "sublayers": [],
            "is_sublayer": false,
            "map_tiles": "",
            "metadata": "",
            "utfurl": "",
            "legend": "",
            "data_download": "",
            "description": ""
        }
    },
    {
        "pk": 18,
        "model": "data_manager.layer",
        "fields": {
            "layer_type": "Vector",
            "vector_color": "#333333",
            "attribute_event": "click",
            "name": "OCS Boundaries",
            "source": "",
            "url": "/media/data_manager/geojson/OCSAdminBoundaries.json",
            "kml": "https://d24dyyc6o1jlsa.cloudfront.net/Admin/Boundaries/OCS_Admin_Boundaries_Files/OCS_administrative_boundary.kmz",
            "attribute_fields": [],
            "fact_sheet": "",
            "thumbnail": "",
            "themes": [
                1
            ],
            "bookmark": "",
            "attribute_title": "",
            "sublayers": [],
            "is_sublayer": false,
            "map_tiles": "",
            "metadata": "",
            "utfurl": "",
            "legend": "",
            "data_download": "",
            "description": "Administrative Boundaries extending from the Submerged Lands Act Boundary seaward to the limit of the United States Outer Continental Shelf (The U.S. 200 nautical mile limit, or other marine boundary)."
        }
    },
    {
        "pk": 19,
        "model": "data_manager.layer",
        "fields": {
            "layer_type": "XYZ",
            "vector_color": null,
            "attribute_event": "click",
            "name": "Regional Ocean Councils",
            "source": "",
            "url": "https://s3.amazonaws.com/marco-public-2d/Jurisdictions/RegionalOceanCouncilsBoundary/${z}/${x}/${y}.png",
            "kml": "",
            "attribute_fields": [],
            "fact_sheet": "",
            "thumbnail": "",
            "themes": [
                1
            ],
            "bookmark": "",
            "attribute_title": "",
            "sublayers": [],
            "is_sublayer": false,
            "map_tiles": "",
            "metadata": "",
            "utfurl": "",
            "legend": "https://s3.amazonaws.com/marco-public-2d/Jurisdictions/RegionalOceanCouncilsBoundary/legend.png",
            "data_download": "",
            "description": ""
        }
    },
    {
        "pk": 29,
        "model": "data_manager.layer",
        "fields": {
            "layer_type": "XYZ",
            "vector_color": null,
            "attribute_event": "click",
            "name": "Fin Whales (Winter)",
            "source": "",
            "url": "https://s3.amazonaws.com/marco-public-2d/Conservation/EndangeredWhales/FinWhalesWinter/${z}/${x}/${y}.png",
            "kml": "",
            "attribute_fields": [],
            "fact_sheet": "",
            "thumbnail": "",
            "themes": [
                2
            ],
            "bookmark": "",
            "attribute_title": "",
            "sublayers": [
                21
            ],
            "is_sublayer": true,
            "map_tiles": "",
            "metadata": "",
            "utfurl": "",
            "legend": "https://s3.amazonaws.com/marco-public-2d/Conservation/EndangeredWhales/legend.png",
            "data_download": "",
            "description": ""
        }
    },
    {
        "pk": 16,
        "model": "data_manager.layer",
        "fields": {
            "layer_type": "XYZ",
            "vector_color": null,
            "attribute_event": "click",
            "name": "Marine Jurisdictions",
            "source": "",
            "url": "https://s3.amazonaws.com/marco-public-2d/Jurisdictions/MarineJurisdictions/${z}/${x}/${y}.png",
            "kml": "",
            "attribute_fields": [],
            "fact_sheet": "",
            "thumbnail": "",
            "themes": [
                1
            ],
            "bookmark": "",
            "attribute_title": "",
            "sublayers": [],
            "is_sublayer": false,
            "map_tiles": "",
            "metadata": "",
            "utfurl": "",
            "legend": "https://s3.amazonaws.com/marco-public-2d/Jurisdictions/MarineJurisdictions/legend.png",
            "data_download": "",
            "description": "The Marine Jurisdiction data set is a standardized compilation of published marine boundaries from the NOAA Office of Coast Survey and the Minerals Management Service."
        }
    },
    {
        "pk": 22,
        "model": "data_manager.layer",
        "fields": {
            "layer_type": "XYZ",
            "vector_color": "",
            "attribute_event": "click",
            "name": "Waterbird Survey",
            "source": "",
            "url": "https://s3.amazonaws.com/marco-public-2d/Conservation/WaterBirdSurvey/${z}/${x}/${y}.png",
            "kml": "https://d24dyyc6o1jlsa.cloudfront.net/Biological/Waterbird_Survey_files/Waterbird_Survey.kmz",
            "attribute_fields": [],
            "fact_sheet": "",
            "thumbnail": "",
            "themes": [
                2
            ],
            "bookmark": "",
            "attribute_title": "",
            "sublayers": [],
            "is_sublayer": false,
            "map_tiles": "",
            "metadata": "",
            "utfurl": "",
            "legend": "https://s3.amazonaws.com/marco-public-2d/Conservation/WaterBirdSurvey/legend.png",
            "data_download": "",
            "description": "This data layer contains waterbird density blocks extracted from the Minerals Management Service's Mid-Atlantic Waterbird Data Beta Version 1.0. (2001-2003)"
        }
    },
    {
        "pk": 10,
        "model": "data_manager.layer",
        "fields": {
            "layer_type": "XYZ",
            "vector_color": null,
            "attribute_event": "click",
            "name": "AIS Shipping Data",
            "source": "",
            "url": "http://s3.amazonaws.com/marco-public-2d/Shipping/AISDensity/${z}/${x}/${y}.png",
            "kml": "https://s3.amazonaws.com/marco-public-kml/HumanUse/AISdata/geviewer.kml",
            "attribute_fields": [],
            "fact_sheet": "",
            "thumbnail": "",
            "themes": [
                8
            ],
            "bookmark": "",
            "attribute_title": "",
            "sublayers": [],
            "is_sublayer": false,
            "map_tiles": "",
            "metadata": "",
            "utfurl": "",
            "legend": "https://s3.amazonaws.com/marco-public-2d/Shipping/AISDensity/legend.png",
            "data_download": "",
            "description": ""
        }
    },
    {
        "pk": 45,
        "model": "data_manager.layer",
        "fields": {
            "layer_type": "XYZ",
            "vector_color": null,
            "attribute_event": "click",
            "name": "Sei Whales (Summer)",
            "source": "",
            "url": "https://s3.amazonaws.com/marco-public-2d/Conservation/EndangeredWhales/SeiWhalesSummer/${z}/${x}/${y}.png",
            "kml": "",
            "attribute_fields": [],
            "fact_sheet": "",
            "thumbnail": "",
            "themes": [
                2
            ],
            "bookmark": "",
            "attribute_title": "",
            "sublayers": [
                21
            ],
            "is_sublayer": true,
            "map_tiles": "",
            "metadata": "",
            "utfurl": "",
            "legend": "https://s3.amazonaws.com/marco-public-2d/Conservation/EndangeredWhales/legend.png",
            "data_download": "",
            "description": ""
        }
    },
    {
        "pk": 14,
        "model": "data_manager.layer",
        "fields": {
            "layer_type": "XYZ",
            "vector_color": null,
            "attribute_event": "click",
            "name": "Summer Flounder Landings",
            "source": "",
            "url": "http://s3.amazonaws.com/marco-public-2d/Fishing/SummerFlounderLandings/${z}/${x}/${y}.png",
            "kml": "https://d24dyyc6o1jlsa.cloudfront.net/HumanUse/Fishing_Effort/Fishing_Effort_Summer_Flounder_Landings_Files/Fishing_Effort_Summer_Flounder_Landings.kmz",
            "attribute_fields": [],
            "fact_sheet": "",
            "thumbnail": "",
            "themes": [
                4
            ],
            "bookmark": "",
            "attribute_title": "",
            "sublayers": [
                15
            ],
            "is_sublayer": true,
            "map_tiles": "",
            "metadata": "",
            "utfurl": "",
            "legend": "https://s3.amazonaws.com/marco-public-2d/Fishing/SummerFlounderLandings/legend.png",
            "data_download": "",
            "description": "This is an extract of Fishing Vessel Trip Report (FVTR) data that The Nature Conservancy compiled from raw data received from the National Marine Fisheries Service (NMFS). "
        }
    },
    {
        "pk": 34,
        "model": "data_manager.layer",
        "fields": {
            "layer_type": "Vector",
            "vector_color": "#70338F",
            "attribute_event": "click",
            "name": "Submarine Cables",
            "source": "",
            "url": "/media/data_manager/geojson/SubmarineCablesNoDecimals.json",
            "kml": "https://d24dyyc6o1jlsa.cloudfront.net/HumanUse/Submarine_Cables_Files/Submarine_Cables.kmz",
            "attribute_fields": [],
            "fact_sheet": "",
            "thumbnail": "",
            "themes": [
                8
            ],
            "bookmark": "",
            "attribute_title": "",
            "sublayers": [],
            "is_sublayer": false,
            "map_tiles": "",
            "metadata": "",
            "utfurl": "",
            "legend": "",
            "data_download": "",
            "description": "This represents cables that have been laid underwater or buried beneath the seabed."
        }
    },
    {
        "pk": 8,
        "model": "data_manager.layer",
        "fields": {
            "layer_type": "Vector",
            "vector_color": "#e66101",
            "attribute_event": "mouseover",
            "name": "Wind Energy Areas",
            "source": "http://boem.gov/Renewable-Energy-Program/Smart-from-the-Start/Index.aspx",
            "url": "/media/data_manager/geojson/WindEnergyAreas.json",
            "kml": "https://d24dyyc6o1jlsa.cloudfront.net/Admin/Management/WEA_Files/WEA.kmz",
            "attribute_fields": [
                1
            ],
            "fact_sheet": "",
            "thumbnail": "",
            "themes": [
                3
            ],
            "bookmark": "/visualize/#location%5Bx%5D=-74.5658203125002&location%5By%5D=38.280823516230726&location%5Bzoom%5D=7&activeLayers%5B0%5D%5Bid%5D=8&activeLayers%5B0%5D%5Bopacity%5D=0.5",
            "attribute_title": "",
            "sublayers": [],
            "is_sublayer": false,
            "map_tiles": "",
            "metadata": "https://s3.amazonaws.com/marco-public-2d/Energy/WEA/wind_energy_areas.htm",
            "utfurl": "",
            "legend": "",
            "data_download": "",
            "description": "WEAs are offshore locations that appear most suitable for wind energy development. "
        }
    },
    {
        "pk": 7,
        "model": "data_manager.layer",
        "fields": {
            "layer_type": "XYZ",
            "vector_color": "",
            "attribute_event": "click",
            "name": "Wind Speed",
            "source": "http://www.nrel.gov/gis/wind.html",
            "url": "https://s3.amazonaws.com/marco-public-2d/Energy/WindSpeedNew/${z}/${x}/${y}.png",
            "kml": "https://d24dyyc6o1jlsa.cloudfront.net/Geophysical/WindSpeed/geviewer.kml",
            "attribute_fields": [],
            "fact_sheet": "",
            "thumbnail": "",
            "themes": [
                3
            ],
            "bookmark": "/visualize/#location%5Bx%5D=-74.62075195312462&location%5By%5D=38.706459372318534&location%5Bzoom%5D=7&activeLayers%5B0%5D%5Bid%5D=7&activeLayers%5B0%5D%5Bopacity%5D=0.5",
            "attribute_title": "",
            "sublayers": [],
            "is_sublayer": false,
            "map_tiles": "",
            "metadata": "",
            "utfurl": "",
            "legend": "https://s3.amazonaws.com/marco-public-2d/Energy/WindSpeed/legend.png",
            "data_download": "",
            "description": "Annual average wind speeds are closely related to the available energy at a particular location and are categorized in these data by their value at a height of 90 meters above the surface. "
        }
    },
    {
        "pk": 2,
        "model": "data_manager.attributeinfo",
        "fields": {
            "field_name": "NAME",
            "display_name": "",
            "order": 1
        }
    },
    {
        "pk": 3,
        "model": "data_manager.attributeinfo",
        "fields": {
            "field_name": "PROT_NAME",
            "display_name": "",
            "order": 1
        }
    },
    {
        "pk": 1,
        "model": "data_manager.attributeinfo",
        "fields": {
            "field_name": "STATE",
            "display_name": "WEA:  ",
            "order": 1
        }
    },
    {
        "pk": 1,
        "model": "data_manager.dataneed",
        "fields": {
            "status": "Efforts underway to incorporate authorized data into Portal\r\n",
            "name": "Military, hazard and restricted areas",
            "expected_date": "Unknown ",
            "notes": "DOD has produced draft East Coast OCS Wind Energy Assessment for BOEM; in addition, DOD Oil and Gas Stipulation Layer exists on Cadastre\r\n",
            "source": "USCG & DOD including ACOE, Navy, etc. ",
            "contact": "NOAA CSC  ",
            "contact_email": "",
            "description": "Information pertaining to uses of the marine environment by the Department of Defense for training, classified or restricted areas, with unexploded ordinances, etc.\r\n"
        }
    },
    {
        "pk": 2,
        "model": "data_manager.dataneed",
        "fields": {
            "status": "Efforts underway to incorporate authorized data into Portal\r\n",
            "name": "Coldwater coral locations  ",
            "expected_date": "June, 2012 ",
            "notes": "Points represent only where corals were observed.  The absence of a point does not necessarily indicate the absence of corals. \r\n",
            "source": "Multiple sources ",
            "contact": "NOAA Biogeography Branch  ",
            "contact_email": "",
            "description": "Known point locations on coldwater corals and associated taxonomic information in Mid-Atlantic\r\n"
        }
    },
    {
        "pk": 20,
        "model": "data_manager.dataneed",
        "fields": {
            "status": "Data under development",
            "name": "Commercial fishing activity",
            "expected_date": "June 2013",
            "notes": "Data will need to be processed in consulation with stakeholders to provide maximum utility in consideration of confidentiality requirements. No FVTR- or VMS-derived data products will be made available without prior approval from NFMS authorities.",
            "source": "Commercial fishers via MARCO stakeholder engagement efforts",
            "contact": "Rutgers CRSSA ",
            "contact_email": "",
            "description": "Spatial data interpreted and created using the Fishing Vessel Trip Report and Vessel Monitoring System databases in collaboration with commercial fishing stakeholders to illustrate the distribution, timing, and intensity of commercial fishing activity, with attributes for gear type and harvest species. Additional attributes collected through stakeholder engagement may include information about the specific socio-economic value of fishing locations to communities."
        }
    },
    {
        "pk": 24,
        "model": "data_manager.dataneed",
        "fields": {
            "status": "Data under development",
            "name": "Cultural use areas",
            "expected_date": "June 2013",
            "notes": "Development and use of these data will be subject to the outcome of discussions between Tribal leaders and state and federal agency representatives.",
            "source": "Tribal leaders via MARCO stakeholder engagement efforts",
            "contact": "Rutgers CRSSA ",
            "contact_email": "",
            "description": "Areas significant to Tribal Nations and other cultures."
        }
    },
    {
        "pk": 4,
        "model": "data_manager.dataneed",
        "fields": {
            "status": "Efforts underway to incorporate authorized data into Portal\r\n",
            "name": "Turtles-Sightings per Unit Effort (SPUE) ",
            "expected_date": "As soon as vetted by Portal Data Review Team ",
            "notes": "Need to add summary SPUE grid for all three species assessed (green, leatherback and Atlantic loggerhead turtles) across seasons.\r\n",
            "source": "TNC NAM ERA compiled data;  source of data U.S. Navy Marine Resource Assessment (MRA) for the Northeast and Virginia Capes",
            "contact": "The Nature Conservancy ",
            "contact_email": "",
            "description": "Important areas for sea turtles were determined from point sightings data. Data were assessed, combined and converted from seasonal species sightings into ten minute squares and effort-corrected.  The resulting sightings per unit effort (SPUE) grids were used to identify important areas within the region for each species.\r\n"
        }
    },
    {
        "pk": 23,
        "model": "data_manager.dataneed",
        "fields": {
            "status": "Data under development",
            "name": "Areas for non-fishing, non-boating recreational uses",
            "expected_date": "June 2013",
            "notes": "",
            "source": "Recreational users via MARCO stakeholder engagement efforts",
            "contact": "Rutgers CRSSA ",
            "contact_email": "",
            "description": "Areas where diving, surfing, swimming, nature viewing, etc. occur"
        }
    },
    {
        "pk": 15,
        "model": "data_manager.dataneed",
        "fields": {
            "status": "Data under development",
            "name": "Marine mammal migration paths",
            "expected_date": "Early 2014",
            "notes": "Multiple data collection efforts ongoing currently, including AMAPPS (funded by BOEM), BRI study (funded by DOE), and VA Aquarium study (funded by VACZM).",
            "source": "DOE grant to BRI. VA CZM Section 309 grant to VA Aquarium",
            "contact": "Multiple contacts; see notes",
            "contact_email": "",
            "description": "Critical seasonal migratory pathways for large whales (toothed and baleen), dolphins and porpoises."
        }
    },
    {
        "pk": 11,
        "model": "data_manager.dataneed",
        "fields": {
            "status": "Data under development",
            "name": "Municipal and private discharge",
            "expected_date": "TBD",
            "notes": "In addition to point locations, effluent plume models may be useful for informing ocean planning efforts.",
            "source": "EPA",
            "contact": "Rutgers CRSSA ",
            "contact_email": "",
            "description": "Discharge of effluent from waste water treatment plants receiving waste water from households, commercial establishments and industries in the coastal drainage basin."
        }
    },
    {
        "pk": 5,
        "model": "data_manager.dataneed",
        "fields": {
            "status": "Efforts underway to incorporate authorized data into Portal",
            "name": "Turtles-Distribution and Nesting Areas (ESI)",
            "expected_date": "As soon as vetted by Portal Data Review Team ",
            "notes": "ESI maps provide a concise summary of coastal resources that are at risk if an oil spill occurs nearby. Vector polygons in this data set represent turtle distribution.",
            "source": "TNC NAM ERA compiled; source data from Environmental Sensitivity Index, NOAA",
            "contact": "The Nature Conservancy ",
            "contact_email": "",
            "description": "Sea turtle areas displayed on the maps are limited to nesting beaches and several well-known in-water concentration areas. Sea turtle nesting beaches include sand beach areas where sea turtles come ashore to nest."
        }
    },
    {
        "pk": 7,
        "model": "data_manager.dataneed",
        "fields": {
            "status": "Efforts underway to incorporate authorized data into Portal",
            "name": "Vessel Trip Report (VTR) data",
            "expected_date": "June 2012",
            "notes": "VTR data are available upon request and can be posted on the portal at appropriate scale and with appropriate attribution. Data will need to be depicted in consideration of confidentiality requirements.",
            "source": "NOAA/NMFS",
            "contact": "The Nature Conservancy ",
            "contact_email": "",
            "description": "Data on effort, catch and value for many commercially important species aggregated to ten minute squares."
        }
    },
    {
        "pk": 8,
        "model": "data_manager.dataneed",
        "fields": {
            "status": "Data under development",
            "name": "Vessel Monitoring System (VMS) fishing data",
            "expected_date": "December 2012",
            "notes": "Data has been transferred from NMFS and will need to be processed to provide maximum utility in consideration of confidentiality requirements.",
            "source": "NOAA/ NMFS",
            "contact": "The Nature Conservancy",
            "contact_email": "",
            "description": "VMS are required for many commercial fisheries to monitor the position, time at a position, course and speed of fishing vessels."
        }
    },
    {
        "pk": 9,
        "model": "data_manager.dataneed",
        "fields": {
            "status": "Data under development",
            "name": "Sand, gravel, cobble mining locations; Identified resources",
            "expected_date": "TBD",
            "notes": "Currently, we only have detailed information for Maryland.",
            "source": "Multiple agencies including ACOE, BOEM, States",
            "contact": "Rutgers CRSSA ",
            "contact_email": "",
            "description": "Resource areas where materials are actively mined from the sea floor and areas which have been identified as potential \"donor\" sites for materials."
        }
    },
    {
        "pk": 10,
        "model": "data_manager.dataneed",
        "fields": {
            "status": "Not initiated, return on investment for compilation is being evaluated.",
            "name": "State landings and fishing effort data",
            "expected_date": "TBD (beyond scope of current portal enhancement funding)",
            "notes": "Most ocean fisheries data are covered by federal reporting systems, but there are gaps for some state managed fisheries.",
            "source": "States",
            "contact": "The Nature Conservancy",
            "contact_email": "",
            "description": "State level information about fishery landings and fishing efforts."
        }
    },
    {
        "pk": 12,
        "model": "data_manager.dataneed",
        "fields": {
            "status": "Data under development",
            "name": "Energy facilities",
            "expected_date": "TBD",
            "notes": "",
            "source": "Multiple agencies including FERC, NREL, NRC, and the EPA",
            "contact": "Rutgers CRSSA ",
            "contact_email": "",
            "description": "Examples include nuclear power plant locations and discharge pipe locations, potential/existing hydrokinetic sites, etc."
        }
    },
    {
        "pk": 13,
        "model": "data_manager.dataneed",
        "fields": {
            "status": "Data available",
            "name": "Automatic Identification System (AIS) shipping data",
            "expected_date": "June 2012",
            "notes": "",
            "source": "NOAA",
            "contact": "The Nature Conservancy",
            "contact_email": "",
            "description": "AIS is an automated tracking system used on ships and by Vessel Traffic Services for identifying and locating vessels by electronically exchanging data with other nearby ships and VTS stations. AIS provides information such as unique identification, position, course, and speed."
        }
    },
    {
        "pk": 14,
        "model": "data_manager.dataneed",
        "fields": {
            "status": "Data under development",
            "name": "Port locations and attributes",
            "expected_date": "August 2012",
            "notes": "",
            "source": "ACOE; Individual ports",
            "contact": "The Nature Conservancy",
            "contact_email": "",
            "description": "Locations of ports, how they relate to shipping traffic and their capacity for servicing offshore energy development"
        }
    },
    {
        "pk": 16,
        "model": "data_manager.dataneed",
        "fields": {
            "status": "Efforts underway to incorporate authorized data into Portal",
            "name": "Coldwater coral predictive distribution model",
            "expected_date": "Early 2013",
            "notes": "NCCOS and NEFSC working on a predictive model for the Mid-Atlantic.",
            "source": "Multiple sources ",
            "contact": "NOAA Biogeography Branch  ",
            "contact_email": "",
            "description": "A high resolution, predictive model of coral habitat and distribution."
        }
    },
    {
        "pk": 17,
        "model": "data_manager.dataneed",
        "fields": {
            "status": "Data under development",
            "name": "Regional scale sea bird and sea duck predictive distribution model",
            "expected_date": "Early 2013",
            "notes": "BOEM-funded project underway to enable NCCOS to expand New York scale work to Mid-Atlantic region. Data expected in late 2012.",
            "source": "Manomet's CETAP",
            "contact": "NOAA Biogeography Branch",
            "contact_email": "",
            "description": "A high resolution, predictive model for sea bird and sea duck habitat and distribution."
        }
    },
    {
        "pk": 18,
        "model": "data_manager.dataneed",
        "fields": {
            "status": "No efforts currently underway to obtain and compile data",
            "name": "Important coastal bird habitat",
            "expected_date": "TBD",
            "notes": "Need to leverage existing data and efforts; additional data need to be collected.",
            "source": "Multiple sources ",
            "contact": "The Nature Conservancy",
            "contact_email": "",
            "description": "Point and polygon data on coastal bird use of coastal and marine habitats for nesting, breeding, wintering and stopover."
        }
    },
    {
        "pk": 19,
        "model": "data_manager.dataneed",
        "fields": {
            "status": "Data under development",
            "name": "Finite Volume Coastal Ocean Model (FVCOM) results",
            "expected_date": "TBD",
            "notes": "FVCOM will include all of the NROC area and the northern part of MARCO area; additional modeling may be needed for MARCO.",
            "source": "Multiple including UMASS Dartmouth, Rutgers, NERACOOS, and MARACOOS",
            "contact": "Rutgers CRSSA ",
            "contact_email": "",
            "description": "FVCOM is a coastal ocean circulation model developed by UMASSD-WHOI and includes information on current, wave regime, temperature, salinity and density."
        }
    },
    {
        "pk": 21,
        "model": "data_manager.dataneed",
        "fields": {
            "status": "Data under development",
            "name": "Recreational fishing activity",
            "expected_date": "June 2013",
            "notes": "Variable existing data; engagement with recreational fishers to begin Summer 2012",
            "source": "Recreational fishers via MARCO stakeholder engagement efforts",
            "contact": "Rutgers CRSSA ",
            "contact_email": "",
            "description": "Areas where non-commercial fishing (recreational/sport fishing) occurs."
        }
    },
    {
        "pk": 22,
        "model": "data_manager.dataneed",
        "fields": {
            "status": "Data development not yet initiated",
            "name": "Recreational boating activity",
            "expected_date": "TBD",
            "notes": "",
            "source": "Recreational boaters via MARCO stakeholder engagement efforts",
            "contact": "Rutgers CRSSA ",
            "contact_email": "",
            "description": "Areas where recreational boating (regattas, pleasure, cruises, water skiing, etc.) occurs."
        }
    },
    {
        "pk": 6,
        "model": "data_manager.dataneed",
        "fields": {
            "status": "Efforts underway to incorporate authorized data into Portal",
            "name": "Large Pelagic Species (sharks, tuna, marlin)-Species Richness, Persistence and EFH",
            "expected_date": "As soon as vetted by Portal Data Review Team ",
            "notes": "14 species respresented include: Albacore Tuna, Bigeye Thresher, Blue Marlin, Bluefin Tuna, Dusky shark, Great Hammerhead*, Porbeagle, Sandbar shark, Sand Tiger, Shortfin Mako, Swordfish, Thresher, White Marlin, Scalloped Hammerhead\r\n",
            "source": "TNC NAM ERA compiled; source data from NMFS- SEFSC and NMFS-NEFSC; EFH from NMFS and HMS FMP",
            "contact": "The Nature Conservancy ",
            "contact_email": "",
            "description": "Target species richness refers to the total number of target species by age class observed within a TMS summed and mapped based on all available data (1965-2004).  Persistence refers to the sum of the number of decades that a given target species was present (1-4) for combined juvenile and adult observations.  Habitat refers to the number of target species whose EFH overlapped each TMS determined and summarized by total target species and by age class.\r\n"
        }
    },
    {
        "pk": 3,
        "model": "data_manager.dataneed",
        "fields": {
            "status": "Efforts underway to incorporate authorized data into Portal\r\n",
            "name": "Marine Mammals-Sightings per Unit Effort (SPUE) ",
            "expected_date": "As soon as vetted by Portal Data Review Team ",
            "notes": "Need to add summary data layers with SPUE grids combined for multiple species and seasons (e.g. all toothed whales).  Assessed species include include fin whale, humpback whale, minke whale, northern Atlantic right whale, sperm whale, sei whale, Atlantic whitesided dolphin, bottlenose dolphin, harbor porpoise, and Atlantic striped dolphin.\r\n",
            "source": "TNC NAM ERA compiled data;  source of data U.S. Navy Marine Resource Assessment (MRA) for the Northeast and Virginia Capes ",
            "contact": "The Nature Conservancy ",
            "contact_email": "",
            "description": "Important areas for marine mammals were determined from point sightings data. Data were assessed, combined and converted from seasonal species sightings into ten minute squares and effort-corrected. The resulting sightings per unit effort (SPUE) grids were used to identify important areas within the region for each species.\r\n"
        }
    }
]