[
    {
        "pk": 1, 
        "model": "data_manager.theme", 
        "fields": {
            "thumbnail": "https://s3.amazonaws.com/marco-public-2d/Energy/energy_thumbnail.jpg", 
            "display_name": "Administrative", 
            "name": "administrative", 
            "description": "Administrative theme."
        }
    }, 
    {
        "pk": 3, 
        "model": "data_manager.theme", 
        "fields": {
            "thumbnail": "https://s3.amazonaws.com/marco-public-2d/Energy/energy_thumbnail.jpg", 
            "display_name": "Renewable Energy", 
            "name": "energy", 
            "description": "Energy theme."
        }
    }, 
    {
        "pk": 4, 
        "model": "data_manager.theme", 
        "fields": {
            "thumbnail": "", 
            "display_name": "Fishing", 
            "name": "fishing", 
            "description": "The Portal will be collecting and integrating data on the productive habitats and rich species diversity that are essential for maintaining healthy fishing areas. We will be paying close attention to dynamic and variable environments with different depths, outcrops, substrates, and slopes, which provide foundations for deep sea corals, rare sponges, and anemones that form the food sources for lobsters, crabs, flounders, hakes, skates, monkfish, and tilefish."
        }
    }, 
    {
        "pk": 5, 
        "model": "data_manager.theme", 
        "fields": {
            "thumbnail": "", 
            "display_name": "Security", 
            "name": "military", 
            "description": "The Mid-Atlantic is home to important naval installations and training areas, and it\u2019s a busy corridor for commercial shipping and naval and other defense and security operations . The U.S. Coast Guard works vigilantly with other agencies to ensure that navigation routes for both commercial and defense vessels are accessible and safe."
        }
    }, 
    {
        "pk": 7, 
        "model": "data_manager.theme", 
        "fields": {
            "thumbnail": "", 
            "display_name": "Recreation", 
            "name": "recreation", 
            "description": "Recreation theme."
        }
    }, 
    {
        "pk": 2, 
        "model": "data_manager.theme", 
        "fields": {
            "thumbnail": "", 
            "display_name": "Marine Life", 
            "name": "conservation", 
            "description": "The Mid-Atlantic region represents 10% of all U.S. offshore wind potential, a huge resource that could help meet the growing electricity demand in the region, while reducing carbon emissions. Wind, wave, and tidal energy are resources that can help meet growing electricity needs, as well as reduce greenhouse gas emissions by over 50% in our five-state region."
        }
    }, 
    {
        "pk": 8, 
        "model": "data_manager.theme", 
        "fields": {
            "thumbnail": "", 
            "display_name": "Maritime", 
            "name": "maritime-industries", 
            "description": "The Mid-Atlantic ports are some of the busiest in the nation\u2019s seaport network, which unloads $3.8 billion in goods each day. The largest port on the Eastern seaboard (New York\u2013New Jersey), the nation\u2019s top port in fruits and juices (Wilmington), and a port that reaches over a third of the country overnight (Baltimore) are all in the Mid-Atlantic. And every minute of every day, the ranks and ships of the U.S. Coast Guard and other agencies work to ensure that our ports and shipping lanes are accessible and safe."
        }
    }, 
    {
        "pk": 21, 
        "model": "data_manager.layer", 
        "fields": {
            "layer_type": "radio", 
            "attribute_event": "click", 
            "name": "Endangered Whales (SPUE)", 
            "source": "", 
            "url": "", 
            "kml": "", 
            "attribute_fields": [], 
            "fact_sheet": "", 
            "thumbnail": "", 
            "themes": [
                2
            ], 
            "bookmark": "", 
            "attribute_title": "", 
            "sublayers": [
                35, 
                36, 
                37, 
                38, 
                39, 
                40, 
                41, 
                42, 
                43, 
                44, 
                45, 
                46, 
                47, 
                48, 
                49, 
                50, 
                51, 
                27, 
                28, 
                29
            ], 
            "is_sublayer": false, 
            "map_tiles": "", 
            "metadata": "", 
            "utfurl": "", 
            "legend": "", 
            "data_download": "", 
            "description": ""
        }
    }, 
    {
        "pk": 17, 
        "model": "data_manager.layer", 
        "fields": {
            "layer_type": "Vector", 
            "attribute_event": "click", 
            "name": "Protraction Diagram Boundaries", 
            "source": "", 
            "url": "/media/data_manager/geojson/BOEMProtractionNoDecimals.json", 
            "kml": "https://d24dyyc6o1jlsa.cloudfront.net/Admin/Boundaries/BOEM_Protraction_Diagram_Files/BOEM_protraction_diagram.kmz", 
            "attribute_fields": [
                3
            ], 
            "fact_sheet": "", 
            "thumbnail": "", 
            "themes": [
                1
            ], 
            "bookmark": "", 
            "attribute_title": "", 
            "sublayers": [], 
            "is_sublayer": false, 
            "map_tiles": "", 
            "metadata": "", 
            "utfurl": "", 
            "legend": "", 
            "data_download": "", 
            "description": "This data set contains Official Protraction Diagram (OPD) outlines. OPDs are approximately 2 degrees wide by approximately one degree high (OPDs north of 48 degrees are approximately 3 degrees wide).  OPDs are further subdivided into blocks. Where the OPD hits the UTM zone boundary, that zone boundary will be a geodesic line - which will appear slightly curved on the UTM plane. OPDs are numbered using the United Nations International Map of the World Numbering System, and are generally named for land or hydrographic features contained within the limits of the diagram. Further information on the historic development of OPD's can be found in OCS Report MMS 99-0006: Boundary Development on the Outer Continental Shelf. <br><br>\r\nBecause GIS projection and topology functions can change or generalize coordinates, these GIS files are considered to be approximate and are NOT an OFFICIAL record for the exact OPD coordinates or areas. The Official Protraction Diagrams (OPDs) and Supplemental Official Block Diagrams (SOBDs), available on the web in pdf format, serve as the legal definition for MMS offshore boundary coordinates and area descriptions."
        }
    }, 
    {
        "pk": 18, 
        "model": "data_manager.layer", 
        "fields": {
            "layer_type": "Vector", 
            "attribute_event": "click", 
            "name": "OCS Administrative Boundaries", 
            "source": "", 
            "url": "/media/data_manager/geojson/OCSAdminBoundaries.json", 
            "kml": "https://d24dyyc6o1jlsa.cloudfront.net/Admin/Boundaries/OCS_Admin_Boundaries_Files/OCS_administrative_boundary.kmz", 
            "attribute_fields": [], 
            "fact_sheet": "", 
            "thumbnail": "", 
            "themes": [
                1
            ], 
            "bookmark": "", 
            "attribute_title": "", 
            "sublayers": [], 
            "is_sublayer": false, 
            "map_tiles": "", 
            "metadata": "", 
            "utfurl": "", 
            "legend": "", 
            "data_download": "", 
            "description": "Administrative Boundaries extending from the Submerged Lands Act Boundary seaward to the limit of the United States Outer Continental Shelf (The U.S. 200 nautical mile limit, or other marine boundary). The boundaries will provide the basis for more accurate delineation of OCS planning areas; assist in determining affected state status under the Coastal Zone Management Act and OCS Lands Act; and assist in the section 18 comparative analyses to determine an equitable sharing of developmental benefits and environmental risks among regions."
        }
    }, 
    {
        "pk": 15, 
        "model": "data_manager.layer", 
        "fields": {
            "layer_type": "radio", 
            "attribute_event": "click", 
            "name": "Fishing Effort", 
            "source": "", 
            "url": "", 
            "kml": "", 
            "attribute_fields": [], 
            "fact_sheet": "", 
            "thumbnail": "", 
            "themes": [
                4
            ], 
            "bookmark": "", 
            "attribute_title": "", 
            "sublayers": [
                11, 
                12, 
                13, 
                14
            ], 
            "is_sublayer": false, 
            "map_tiles": "", 
            "metadata": "", 
            "utfurl": "", 
            "legend": "", 
            "data_download": "", 
            "description": "This is an extract of Fishing Vessel Trip Report (FVTR) data that The Nature Conservancy compiled from raw data received from the National Marine Fisheries Service (NMFS). The owner/operator of a vessel issued a federal fishery permit with FVTR requirements is required to submit FVTRs for each trip taken. The National Marine Fisheries Service requires this information for the conservation and management of marine fishery resources in accordance with the Magnuson-Stevens Fishery Conservation and Management Act. The data reported are used to develop, implement, and monitor fishery management strategies and for a variety of other uses."
        }
    }, 
    {
        "pk": 27, 
        "model": "data_manager.layer", 
        "fields": {
            "layer_type": "XYZ", 
            "attribute_event": "click", 
            "name": "Fin Whales (Spring)", 
            "source": "", 
            "url": "https://s3.amazonaws.com/marco-public-2d/Conservation/EndangeredWhales/FinWhalesSpring/${z}/${x}/${y}.png", 
            "kml": "", 
            "attribute_fields": [], 
            "fact_sheet": "", 
            "thumbnail": "", 
            "themes": [
                2
            ], 
            "bookmark": "", 
            "attribute_title": "", 
            "sublayers": [
                21
            ], 
            "is_sublayer": true, 
            "map_tiles": "", 
            "metadata": "", 
            "utfurl": "", 
            "legend": "https://s3.amazonaws.com/marco-public-2d/Conservation/EndangeredWhales/legend.png", 
            "data_download": "", 
            "description": ""
        }
    }, 
    {
        "pk": 28, 
        "model": "data_manager.layer", 
        "fields": {
            "layer_type": "XYZ", 
            "attribute_event": "click", 
            "name": "Fin Whales (Summer)", 
            "source": "", 
            "url": "https://s3.amazonaws.com/marco-public-2d/Conservation/EndangeredWhales/FinWhalesSummer/${z}/${x}/${y}.png", 
            "kml": "", 
            "attribute_fields": [], 
            "fact_sheet": "", 
            "thumbnail": "", 
            "themes": [
                2
            ], 
            "bookmark": "", 
            "attribute_title": "", 
            "sublayers": [
                21
            ], 
            "is_sublayer": true, 
            "map_tiles": "", 
            "metadata": "", 
            "utfurl": "", 
            "legend": "https://s3.amazonaws.com/marco-public-2d/Conservation/EndangeredWhales/legend.png", 
            "data_download": "", 
            "description": ""
        }
    }, 
    {
        "pk": 29, 
        "model": "data_manager.layer", 
        "fields": {
            "layer_type": "XYZ", 
            "attribute_event": "click", 
            "name": "Fin Whales (Winter)", 
            "source": "", 
            "url": "https://s3.amazonaws.com/marco-public-2d/Conservation/EndangeredWhales/FinWhalesWinter/${z}/${x}/${y}.png", 
            "kml": "", 
            "attribute_fields": [], 
            "fact_sheet": "", 
            "thumbnail": "", 
            "themes": [
                2
            ], 
            "bookmark": "", 
            "attribute_title": "", 
            "sublayers": [
                21
            ], 
            "is_sublayer": true, 
            "map_tiles": "", 
            "metadata": "", 
            "utfurl": "", 
            "legend": "https://s3.amazonaws.com/marco-public-2d/Conservation/EndangeredWhales/legend.png", 
            "data_download": "", 
            "description": ""
        }
    }, 
    {
        "pk": 33, 
        "model": "data_manager.layer", 
        "fields": {
            "layer_type": "XYZ", 
            "attribute_event": "click", 
            "name": "Seabed Form", 
            "source": "", 
            "url": "https://s3.amazonaws.com/marco-public-2d/Conservation/SeabedForm/${z}/${x}/${y}.png", 
            "kml": "", 
            "attribute_fields": [], 
            "fact_sheet": "", 
            "thumbnail": "", 
            "themes": [
                2
            ], 
            "bookmark": "", 
            "attribute_title": "", 
            "sublayers": [], 
            "is_sublayer": false, 
            "map_tiles": "", 
            "metadata": "", 
            "utfurl": "", 
            "legend": "https://s3.amazonaws.com/marco-public-2d/Conservation/SeabedForm/legend.png", 
            "data_download": "", 
            "description": ""
        }
    }, 
    {
        "pk": 30, 
        "model": "data_manager.layer", 
        "fields": {
            "layer_type": "XYZ", 
            "attribute_event": "click", 
            "name": "Essential Fish Habitat", 
            "source": "", 
            "url": "https://s3.amazonaws.com/marco-public-2d/Conservation/EssentialFishHabitat/${z}/${x}/${y}.png", 
            "kml": "", 
            "attribute_fields": [], 
            "fact_sheet": "", 
            "thumbnail": "", 
            "themes": [
                2
            ], 
            "bookmark": "", 
            "attribute_title": "", 
            "sublayers": [], 
            "is_sublayer": false, 
            "map_tiles": "", 
            "metadata": "", 
            "utfurl": "", 
            "legend": "https://s3.amazonaws.com/marco-public-2d/Conservation/EssentialFishHabitat/legend.png", 
            "data_download": "", 
            "description": ""
        }
    }, 
    {
        "pk": 16, 
        "model": "data_manager.layer", 
        "fields": {
            "layer_type": "XYZ", 
            "attribute_event": "click", 
            "name": "Marine Jurisdictions", 
            "source": "", 
            "url": "https://s3.amazonaws.com/marco-public-2d/Jurisdictions/MarineJurisdictions/${z}/${x}/${y}.png", 
            "kml": "", 
            "attribute_fields": [], 
            "fact_sheet": "", 
            "thumbnail": "", 
            "themes": [
                1
            ], 
            "bookmark": "", 
            "attribute_title": "", 
            "sublayers": [], 
            "is_sublayer": false, 
            "map_tiles": "", 
            "metadata": "", 
            "utfurl": "", 
            "legend": "https://s3.amazonaws.com/marco-public-2d/Jurisdictions/MarineJurisdictions/legend.png", 
            "data_download": "", 
            "description": "The Marine Jurisdiction data set is a standardized compilation of published marine boundaries from the NOAA Office of Coast Survey and the Minerals Management Service."
        }
    }, 
    {
        "pk": 19, 
        "model": "data_manager.layer", 
        "fields": {
            "layer_type": "XYZ", 
            "attribute_event": "click", 
            "name": "Regional Ocean Councils", 
            "source": "", 
            "url": "https://s3.amazonaws.com/marco-public-2d/Jurisdictions/RegionalOceanCouncilsBoundary/${z}/${x}/${y}.png", 
            "kml": "", 
            "attribute_fields": [], 
            "fact_sheet": "", 
            "thumbnail": "", 
            "themes": [
                1
            ], 
            "bookmark": "", 
            "attribute_title": "", 
            "sublayers": [], 
            "is_sublayer": false, 
            "map_tiles": "", 
            "metadata": "", 
            "utfurl": "", 
            "legend": "https://s3.amazonaws.com/marco-public-2d/Jurisdictions/RegionalOceanCouncilsBoundary/legend.png", 
            "data_download": "", 
            "description": ""
        }
    }, 
    {
        "pk": 20, 
        "model": "data_manager.layer", 
        "fields": {
            "layer_type": "Vector", 
            "attribute_event": "click", 
            "name": "Artificial Reefs", 
            "source": "", 
            "url": "/media/data_manager/geojson/ArtificialReefsNoDecimals.json", 
            "kml": "", 
            "attribute_fields": [
                2
            ], 
            "fact_sheet": "", 
            "thumbnail": "", 
            "themes": [
                2
            ], 
            "bookmark": "", 
            "attribute_title": "", 
            "sublayers": [], 
            "is_sublayer": false, 
            "map_tiles": "", 
            "metadata": "", 
            "utfurl": "", 
            "legend": "", 
            "data_download": "", 
            "description": ""
        }
    }, 
    {
        "pk": 8, 
        "model": "data_manager.layer", 
        "fields": {
            "layer_type": "Vector", 
            "attribute_event": "mouseover", 
            "name": "Wind Energy Areas", 
            "source": "", 
            "url": "/media/data_manager/geojson/WindEnergyAreas.json", 
            "kml": "", 
            "attribute_fields": [
                1
            ], 
            "fact_sheet": "", 
            "thumbnail": "", 
            "themes": [
                3
            ], 
            "bookmark": "", 
            "attribute_title": "", 
            "sublayers": [], 
            "is_sublayer": false, 
            "map_tiles": "", 
            "metadata": "", 
            "utfurl": "", 
            "legend": "", 
            "data_download": "", 
            "description": ""
        }
    }, 
    {
        "pk": 26, 
        "model": "data_manager.layer", 
        "fields": {
            "layer_type": "placeholder", 
            "attribute_event": "click", 
            "name": "Important Bird Habitats", 
            "source": "", 
            "url": "", 
            "kml": "", 
            "attribute_fields": [], 
            "fact_sheet": "", 
            "thumbnail": null, 
            "themes": [
                2
            ], 
            "bookmark": "", 
            "attribute_title": null, 
            "sublayers": [], 
            "is_sublayer": false, 
            "map_tiles": "", 
            "metadata": "", 
            "utfurl": "", 
            "legend": "", 
            "data_download": "", 
            "description": ""
        }
    }, 
    {
        "pk": 31, 
        "model": "data_manager.layer", 
        "fields": {
            "layer_type": "Vector", 
            "attribute_event": "mouseover", 
            "name": "Major Canyons", 
            "source": "", 
            "url": "/media/data_manager/geojson/MajorCanyons.json", 
            "kml": "", 
            "attribute_fields": [
                2
            ], 
            "fact_sheet": "", 
            "thumbnail": "", 
            "themes": [
                2
            ], 
            "bookmark": "", 
            "attribute_title": "", 
            "sublayers": [], 
            "is_sublayer": false, 
            "map_tiles": "", 
            "metadata": "", 
            "utfurl": "", 
            "legend": "", 
            "data_download": "", 
            "description": ""
        }
    }, 
    {
        "pk": 10, 
        "model": "data_manager.layer", 
        "fields": {
            "layer_type": "XYZ", 
            "attribute_event": "click", 
            "name": "AIS Shipping Data", 
            "source": "", 
            "url": "http://s3.amazonaws.com/marco-public-2d/Shipping/AISDensity/${z}/${x}/${y}.png", 
            "kml": "", 
            "attribute_fields": [], 
            "fact_sheet": "", 
            "thumbnail": "", 
            "themes": [
                8
            ], 
            "bookmark": "", 
            "attribute_title": "", 
            "sublayers": [], 
            "is_sublayer": false, 
            "map_tiles": "", 
            "metadata": "", 
            "utfurl": "", 
            "legend": "https://s3.amazonaws.com/marco-public-2d/Shipping/AISDensity/legend.png", 
            "data_download": "", 
            "description": ""
        }
    }, 
    {
        "pk": 24, 
        "model": "data_manager.layer", 
        "fields": {
            "layer_type": "XYZ", 
            "attribute_event": "click", 
            "name": "Benthic Habitats", 
            "source": "", 
            "url": "https://s3.amazonaws.com/marco-public-2d/Conservation/BenthicHabitatsMidAtlantic/${z}/${x}/${y}.png", 
            "kml": "", 
            "attribute_fields": [], 
            "fact_sheet": "", 
            "thumbnail": "", 
            "themes": [
                2
            ], 
            "bookmark": "", 
            "attribute_title": "", 
            "sublayers": [], 
            "is_sublayer": false, 
            "map_tiles": "", 
            "metadata": "", 
            "utfurl": "", 
            "legend": "", 
            "data_download": "", 
            "description": ""
        }
    }, 
    {
        "pk": 35, 
        "model": "data_manager.layer", 
        "fields": {
            "layer_type": "XYZ", 
            "attribute_event": "click", 
            "name": "Fin Whales (Winter)", 
            "source": "", 
            "url": "https://s3.amazonaws.com/marco-public-2d/Conservation/EndangeredWhales/FinWhalesWinter/${z}/${x}/${y}.png", 
            "kml": "", 
            "attribute_fields": [], 
            "fact_sheet": "", 
            "thumbnail": "", 
            "themes": [
                2
            ], 
            "bookmark": "", 
            "attribute_title": "", 
            "sublayers": [
                21
            ], 
            "is_sublayer": true, 
            "map_tiles": "", 
            "metadata": "", 
            "utfurl": "", 
            "legend": "https://s3.amazonaws.com/marco-public-2d/Conservation/EndangeredWhales/legend.png", 
            "data_download": "", 
            "description": ""
        }
    }, 
    {
        "pk": 36, 
        "model": "data_manager.layer", 
        "fields": {
            "layer_type": "XYZ", 
            "attribute_event": "click", 
            "name": "Humpback Whales (Fall)", 
            "source": "", 
            "url": "https://s3.amazonaws.com/marco-public-2d/Conservation/EndangeredWhales/HumpbackWhalesFall/${z}/${x}/${y}.png", 
            "kml": "", 
            "attribute_fields": [], 
            "fact_sheet": "", 
            "thumbnail": "", 
            "themes": [
                2
            ], 
            "bookmark": "", 
            "attribute_title": "", 
            "sublayers": [
                21
            ], 
            "is_sublayer": true, 
            "map_tiles": "", 
            "metadata": "", 
            "utfurl": "", 
            "legend": "https://s3.amazonaws.com/marco-public-2d/Conservation/EndangeredWhales/legend.png", 
            "data_download": "", 
            "description": ""
        }
    }, 
    {
        "pk": 37, 
        "model": "data_manager.layer", 
        "fields": {
            "layer_type": "XYZ", 
            "attribute_event": "click", 
            "name": "Humpback Whales (Spring)", 
            "source": "", 
            "url": "https://s3.amazonaws.com/marco-public-2d/Conservation/EndangeredWhales/HumpbackWhalesSpring/${z}/${x}/${y}.png", 
            "kml": "", 
            "attribute_fields": [], 
            "fact_sheet": "", 
            "thumbnail": "", 
            "themes": [
                2
            ], 
            "bookmark": "", 
            "attribute_title": "", 
            "sublayers": [
                21
            ], 
            "is_sublayer": true, 
            "map_tiles": "", 
            "metadata": "", 
            "utfurl": "", 
            "legend": "https://s3.amazonaws.com/marco-public-2d/Conservation/EndangeredWhales/legend.png", 
            "data_download": "", 
            "description": ""
        }
    }, 
    {
        "pk": 39, 
        "model": "data_manager.layer", 
        "fields": {
            "layer_type": "XYZ", 
            "attribute_event": "click", 
            "name": "Humpback Whales (Winter)", 
            "source": "", 
            "url": "https://s3.amazonaws.com/marco-public-2d/Conservation/EndangeredWhales/HumpbackWhalesWinter/${z}/${x}/${y}.png", 
            "kml": "", 
            "attribute_fields": [], 
            "fact_sheet": "", 
            "thumbnail": "", 
            "themes": [
                2
            ], 
            "bookmark": "", 
            "attribute_title": "", 
            "sublayers": [
                21
            ], 
            "is_sublayer": true, 
            "map_tiles": "", 
            "metadata": "", 
            "utfurl": "", 
            "legend": "https://s3.amazonaws.com/marco-public-2d/Conservation/EndangeredWhales/legend.png", 
            "data_download": "", 
            "description": ""
        }
    }, 
    {
        "pk": 38, 
        "model": "data_manager.layer", 
        "fields": {
            "layer_type": "XYZ", 
            "attribute_event": "click", 
            "name": "Humpback Whales (Summer)", 
            "source": "", 
            "url": "https://s3.amazonaws.com/marco-public-2d/Conservation/EndangeredWhales/HumpbackWhalesSummer/${z}/${x}/${y}.png", 
            "kml": "", 
            "attribute_fields": [], 
            "fact_sheet": "", 
            "thumbnail": "", 
            "themes": [
                2
            ], 
            "bookmark": "", 
            "attribute_title": "", 
            "sublayers": [
                21
            ], 
            "is_sublayer": true, 
            "map_tiles": "", 
            "metadata": "", 
            "utfurl": "", 
            "legend": "https://s3.amazonaws.com/marco-public-2d/Conservation/EndangeredWhales/legend.png", 
            "data_download": "", 
            "description": ""
        }
    }, 
    {
        "pk": 40, 
        "model": "data_manager.layer", 
        "fields": {
            "layer_type": "XYZ", 
            "attribute_event": "click", 
            "name": "Narwhals (Fall)", 
            "source": "", 
            "url": "https://s3.amazonaws.com/marco-public-2d/Conservation/EndangeredWhales/NARWhalesFall/${z}/${x}/${y}.png", 
            "kml": "", 
            "attribute_fields": [], 
            "fact_sheet": "", 
            "thumbnail": "", 
            "themes": [
                2
            ], 
            "bookmark": "", 
            "attribute_title": "", 
            "sublayers": [
                21
            ], 
            "is_sublayer": true, 
            "map_tiles": "", 
            "metadata": "", 
            "utfurl": "", 
            "legend": "https://s3.amazonaws.com/marco-public-2d/Conservation/EndangeredWhales/legend.png", 
            "data_download": "", 
            "description": ""
        }
    }, 
    {
        "pk": 45, 
        "model": "data_manager.layer", 
        "fields": {
            "layer_type": "XYZ", 
            "attribute_event": "click", 
            "name": "Sei Whales (Summer)", 
            "source": "", 
            "url": "https://s3.amazonaws.com/marco-public-2d/Conservation/EndangeredWhales/SeiWhalesSummer/${z}/${x}/${y}.png", 
            "kml": "", 
            "attribute_fields": [], 
            "fact_sheet": "", 
            "thumbnail": "", 
            "themes": [
                2
            ], 
            "bookmark": "", 
            "attribute_title": "", 
            "sublayers": [
                21
            ], 
            "is_sublayer": true, 
            "map_tiles": "", 
            "metadata": "", 
            "utfurl": "", 
            "legend": "https://s3.amazonaws.com/marco-public-2d/Conservation/EndangeredWhales/legend.png", 
            "data_download": "", 
            "description": ""
        }
    }, 
    {
        "pk": 41, 
        "model": "data_manager.layer", 
        "fields": {
            "layer_type": "XYZ", 
            "attribute_event": "click", 
            "name": "Narwhals (Spring)", 
            "source": "", 
            "url": "https://s3.amazonaws.com/marco-public-2d/Conservation/EndangeredWhales/NARWhalesSpring/${z}/${x}/${y}.png", 
            "kml": "", 
            "attribute_fields": [], 
            "fact_sheet": "", 
            "thumbnail": "", 
            "themes": [
                2
            ], 
            "bookmark": "", 
            "attribute_title": "", 
            "sublayers": [
                21
            ], 
            "is_sublayer": true, 
            "map_tiles": "", 
            "metadata": "", 
            "utfurl": "", 
            "legend": "https://s3.amazonaws.com/marco-public-2d/Conservation/EndangeredWhales/legend.png", 
            "data_download": "", 
            "description": ""
        }
    }, 
    {
        "pk": 46, 
        "model": "data_manager.layer", 
        "fields": {
            "layer_type": "XYZ", 
            "attribute_event": "click", 
            "name": "Sei Whales (Winter)", 
            "source": "", 
            "url": "https://s3.amazonaws.com/marco-public-2d/Conservation/EndangeredWhales/SeiWhalesWinter/${z}/${x}/${y}.png", 
            "kml": "", 
            "attribute_fields": [], 
            "fact_sheet": "", 
            "thumbnail": "", 
            "themes": [
                2
            ], 
            "bookmark": "", 
            "attribute_title": "", 
            "sublayers": [
                21
            ], 
            "is_sublayer": true, 
            "map_tiles": "", 
            "metadata": "", 
            "utfurl": "", 
            "legend": "https://s3.amazonaws.com/marco-public-2d/Conservation/EndangeredWhales/legend.png", 
            "data_download": "", 
            "description": ""
        }
    }, 
    {
        "pk": 47, 
        "model": "data_manager.layer", 
        "fields": {
            "layer_type": "XYZ", 
            "attribute_event": "click", 
            "name": "Sei Whales (Fall)", 
            "source": "", 
            "url": "https://s3.amazonaws.com/marco-public-2d/Conservation/EndangeredWhales/SeiWhalesFall/${z}/${x}/${y}.png", 
            "kml": "", 
            "attribute_fields": [], 
            "fact_sheet": "", 
            "thumbnail": "", 
            "themes": [
                2
            ], 
            "bookmark": "", 
            "attribute_title": "", 
            "sublayers": [
                21
            ], 
            "is_sublayer": true, 
            "map_tiles": "", 
            "metadata": "", 
            "utfurl": "", 
            "legend": "https://s3.amazonaws.com/marco-public-2d/Conservation/EndangeredWhales/legend.png", 
            "data_download": "", 
            "description": ""
        }
    }, 
    {
        "pk": 48, 
        "model": "data_manager.layer", 
        "fields": {
            "layer_type": "XYZ", 
            "attribute_event": "click", 
            "name": "Sperm Whales (Fall)", 
            "source": "", 
            "url": "https://s3.amazonaws.com/marco-public-2d/Conservation/EndangeredWhales/SpermWhalesFall/${z}/${x}/${y}.png", 
            "kml": "", 
            "attribute_fields": [], 
            "fact_sheet": "", 
            "thumbnail": "", 
            "themes": [
                2
            ], 
            "bookmark": "", 
            "attribute_title": "", 
            "sublayers": [
                21
            ], 
            "is_sublayer": true, 
            "map_tiles": "", 
            "metadata": "", 
            "utfurl": "", 
            "legend": "https://s3.amazonaws.com/marco-public-2d/Conservation/EndangeredWhales/legend.png", 
            "data_download": "", 
            "description": ""
        }
    }, 
    {
        "pk": 42, 
        "model": "data_manager.layer", 
        "fields": {
            "layer_type": "XYZ", 
            "attribute_event": "click", 
            "name": "Narwhals (Summer)", 
            "source": "", 
            "url": "https://s3.amazonaws.com/marco-public-2d/Conservation/EndangeredWhales/NARWhalesSummer/${z}/${x}/${y}.png", 
            "kml": "", 
            "attribute_fields": [], 
            "fact_sheet": "", 
            "thumbnail": "", 
            "themes": [
                2
            ], 
            "bookmark": "", 
            "attribute_title": "", 
            "sublayers": [
                21
            ], 
            "is_sublayer": true, 
            "map_tiles": "", 
            "metadata": "", 
            "utfurl": "", 
            "legend": "https://s3.amazonaws.com/marco-public-2d/Conservation/EndangeredWhales/legend.png", 
            "data_download": "", 
            "description": ""
        }
    }, 
    {
        "pk": 23, 
        "model": "data_manager.layer", 
        "fields": {
            "layer_type": "placeholder", 
            "attribute_event": "click", 
            "name": "EFH Overlays", 
            "source": "", 
            "url": "", 
            "kml": "", 
            "attribute_fields": [], 
            "fact_sheet": "", 
            "thumbnail": null, 
            "themes": [
                2
            ], 
            "bookmark": "", 
            "attribute_title": null, 
            "sublayers": [], 
            "is_sublayer": false, 
            "map_tiles": "", 
            "metadata": "", 
            "utfurl": "", 
            "legend": "", 
            "data_download": "", 
            "description": ""
        }
    }, 
    {
        "pk": 49, 
        "model": "data_manager.layer", 
        "fields": {
            "layer_type": "XYZ", 
            "attribute_event": "click", 
            "name": "Sperm Whales (Spring)", 
            "source": "", 
            "url": "https://s3.amazonaws.com/marco-public-2d/Conservation/EndangeredWhales/SpermWhalesSpring/${z}/${x}/${y}.png", 
            "kml": "", 
            "attribute_fields": [], 
            "fact_sheet": "", 
            "thumbnail": "", 
            "themes": [
                2
            ], 
            "bookmark": "", 
            "attribute_title": "", 
            "sublayers": [
                21
            ], 
            "is_sublayer": true, 
            "map_tiles": "", 
            "metadata": "", 
            "utfurl": "", 
            "legend": "https://s3.amazonaws.com/marco-public-2d/Conservation/EndangeredWhales/legend.png", 
            "data_download": "", 
            "description": ""
        }
    }, 
    {
        "pk": 25, 
        "model": "data_manager.layer", 
        "fields": {
            "layer_type": "placeholder", 
            "attribute_event": "click", 
            "name": "Marine Mammal Migration Paths", 
            "source": "", 
            "url": "", 
            "kml": "", 
            "attribute_fields": [], 
            "fact_sheet": "", 
            "thumbnail": null, 
            "themes": [
                2
            ], 
            "bookmark": "", 
            "attribute_title": null, 
            "sublayers": [], 
            "is_sublayer": false, 
            "map_tiles": "", 
            "metadata": "", 
            "utfurl": "", 
            "legend": "", 
            "data_download": "", 
            "description": ""
        }
    }, 
    {
        "pk": 43, 
        "model": "data_manager.layer", 
        "fields": {
            "layer_type": "XYZ", 
            "attribute_event": "click", 
            "name": "Narwhals (Winter)", 
            "source": "", 
            "url": "https://s3.amazonaws.com/marco-public-2d/Conservation/EndangeredWhales/NARWhalesWinter/${z}/${x}/${y}.png", 
            "kml": "", 
            "attribute_fields": [], 
            "fact_sheet": "", 
            "thumbnail": "", 
            "themes": [
                2
            ], 
            "bookmark": "", 
            "attribute_title": "", 
            "sublayers": [
                21
            ], 
            "is_sublayer": true, 
            "map_tiles": "", 
            "metadata": "", 
            "utfurl": "", 
            "legend": "https://s3.amazonaws.com/marco-public-2d/Conservation/EndangeredWhales/legend.png", 
            "data_download": "", 
            "description": ""
        }
    }, 
    {
        "pk": 6, 
        "model": "data_manager.layer", 
        "fields": {
            "layer_type": "XYZ", 
            "attribute_event": "click", 
            "name": "OCS Lease Blocks", 
            "source": "http://www.csc.noaa.gov/digitalcoast/data/ocsleaseblocks", 
            "url": "https://s3.amazonaws.com/marco-public-2d/Test/ocsb2/ocsb/${z}/${x}/${y}.png", 
            "kml": "https://d24dyyc6o1jlsa.cloudfront.net/Admin/Boundaries/OCS_Admin_Boundaries_Files/OCS_administrative_boundary.kmz", 
            "attribute_fields": [], 
            "fact_sheet": "", 
            "thumbnail": null, 
            "themes": [
                1
            ], 
            "bookmark": "/visualize/#location%5Bx%5D=-72.0897766113308&location%5By%5D=38.720389611375886&location%5Bzoom%5D=6&activeLayers%5B0%5D%5Bid%5D=6&activeLayers%5B0%5D%5Bopacity%5D=0.5", 
            "attribute_title": null, 
            "sublayers": [], 
            "is_sublayer": false, 
            "map_tiles": "", 
            "metadata": "", 
            "utfurl": "", 
            "legend": "https://s3.amazonaws.com/marco-public-2d/Test/ocsb2/ocsb/Legend.png", 
            "data_download": "", 
            "description": "Outer Continental Shelf (OCS) lease blocks and administrative boundaries are generated to define small geographic areas that identify federal land ownership and support offshore resource management."
        }
    }, 
    {
        "pk": 44, 
        "model": "data_manager.layer", 
        "fields": {
            "layer_type": "XYZ", 
            "attribute_event": "click", 
            "name": "Sei Whales (Spring)", 
            "source": "", 
            "url": "https://s3.amazonaws.com/marco-public-2d/Conservation/EndangeredWhales/SeiWhalesFall/${z}/${x}/${y}.png", 
            "kml": "", 
            "attribute_fields": [], 
            "fact_sheet": "", 
            "thumbnail": "", 
            "themes": [
                2
            ], 
            "bookmark": "", 
            "attribute_title": "", 
            "sublayers": [
                21
            ], 
            "is_sublayer": true, 
            "map_tiles": "", 
            "metadata": "", 
            "utfurl": "", 
            "legend": "https://s3.amazonaws.com/marco-public-2d/Conservation/EndangeredWhales/legend.png", 
            "data_download": "", 
            "description": ""
        }
    }, 
    {
        "pk": 34, 
        "model": "data_manager.layer", 
        "fields": {
            "layer_type": "Vector", 
            "attribute_event": "click", 
            "name": "Submarine Cables", 
            "source": "", 
            "url": "/media/data_manager/geojson/SubmarineCablesNoDecimals.json", 
            "kml": "", 
            "attribute_fields": [], 
            "fact_sheet": "", 
            "thumbnail": "", 
            "themes": [
                8
            ], 
            "bookmark": "", 
            "attribute_title": "", 
            "sublayers": [], 
            "is_sublayer": false, 
            "map_tiles": "", 
            "metadata": "", 
            "utfurl": "", 
            "legend": "", 
            "data_download": "", 
            "description": ""
        }
    }, 
    {
        "pk": 50, 
        "model": "data_manager.layer", 
        "fields": {
            "layer_type": "XYZ", 
            "attribute_event": "click", 
            "name": "Sperm Whales (Summer)", 
            "source": "", 
            "url": "https://s3.amazonaws.com/marco-public-2d/Conservation/EndangeredWhales/SpermWhalesSummer/${z}/${x}/${y}.png", 
            "kml": "", 
            "attribute_fields": [], 
            "fact_sheet": "", 
            "thumbnail": "", 
            "themes": [
                2
            ], 
            "bookmark": "", 
            "attribute_title": "", 
            "sublayers": [
                21
            ], 
            "is_sublayer": true, 
            "map_tiles": "", 
            "metadata": "", 
            "utfurl": "", 
            "legend": "https://s3.amazonaws.com/marco-public-2d/Conservation/EndangeredWhales/legend.png", 
            "data_download": "", 
            "description": ""
        }
    }, 
    {
        "pk": 9, 
        "model": "data_manager.layer", 
        "fields": {
            "layer_type": "XYZ", 
            "attribute_event": "click", 
            "name": "Sediment Grain Size", 
            "source": "", 
            "url": "https://s3.amazonaws.com/marco-public-2d/Conservation/SedimentGrainSize/${z}/${x}/${y}.png", 
            "kml": "", 
            "attribute_fields": [], 
            "fact_sheet": "", 
            "thumbnail": "", 
            "themes": [
                2
            ], 
            "bookmark": "", 
            "attribute_title": "", 
            "sublayers": [], 
            "is_sublayer": false, 
            "map_tiles": "", 
            "metadata": "", 
            "utfurl": "", 
            "legend": "https://s3.amazonaws.com/marco-public-2d/Conservation/SedimentGrainSize/legend.png", 
            "data_download": "", 
            "description": ""
        }
    }, 
    {
        "pk": 22, 
        "model": "data_manager.layer", 
        "fields": {
            "layer_type": "XYZ", 
            "attribute_event": "click", 
            "name": "Waterbird Survey (2001-2003)", 
            "source": "", 
            "url": "https://s3.amazonaws.com/marco-public-2d/Conservation/WaterBirdSurvey/${z}/${x}/${y}.png", 
            "kml": "", 
            "attribute_fields": [], 
            "fact_sheet": "", 
            "thumbnail": "", 
            "themes": [
                2
            ], 
            "bookmark": "", 
            "attribute_title": "", 
            "sublayers": [], 
            "is_sublayer": false, 
            "map_tiles": "", 
            "metadata": "", 
            "utfurl": "", 
            "legend": "https://s3.amazonaws.com/marco-public-2d/Conservation/WaterBirdSurvey/legend.png", 
            "data_download": "", 
            "description": ""
        }
    }, 
    {
        "pk": 7, 
        "model": "data_manager.layer", 
        "fields": {
            "layer_type": "XYZ", 
            "attribute_event": "click", 
            "name": "Wind Speed", 
            "source": "http://www.nrel.gov/gis/wind.html", 
            "url": "https://s3.amazonaws.com/marco-public-2d/Energy/WindSpeed/${z}/${x}/${y}.png", 
            "kml": "https://d24dyyc6o1jlsa.cloudfront.net/Geophysical/WindSpeed/geviewer.kml", 
            "attribute_fields": [], 
            "fact_sheet": "", 
            "thumbnail": "", 
            "themes": [
                3
            ], 
            "bookmark": "http://localhost:8000/media/marco-proto/index.html#location%5Bx%5D=-71.37231445312406&location%5By%5D=38.457524829585964&location%5Bzoom%5D=6&activeLayers%5B0%5D%5Bid%5D=7&activeLayers%5B0%5D%5Bopacity%5D=0.5", 
            "attribute_title": "", 
            "sublayers": [], 
            "is_sublayer": false, 
            "map_tiles": "", 
            "metadata": "", 
            "utfurl": "", 
            "legend": "https://s3.amazonaws.com/marco-public-2d/Energy/WindSpeed/legend.png", 
            "data_download": "", 
            "description": ""
        }
    }, 
    {
        "pk": 51, 
        "model": "data_manager.layer", 
        "fields": {
            "layer_type": "XYZ", 
            "attribute_event": "click", 
            "name": "Sperm Whales (Winter)", 
            "source": "", 
            "url": "https://s3.amazonaws.com/marco-public-2d/Conservation/EndangeredWhales/SpermWhalesWinter/${z}/${x}/${y}.png", 
            "kml": "", 
            "attribute_fields": [], 
            "fact_sheet": "", 
            "thumbnail": "", 
            "themes": [
                2
            ], 
            "bookmark": "", 
            "attribute_title": "", 
            "sublayers": [
                21
            ], 
            "is_sublayer": true, 
            "map_tiles": "", 
            "metadata": "", 
            "utfurl": "", 
            "legend": "https://s3.amazonaws.com/marco-public-2d/Conservation/EndangeredWhales/legend.png", 
            "data_download": "", 
            "description": ""
        }
    }, 
    {
        "pk": 11, 
        "model": "data_manager.layer", 
        "fields": {
            "layer_type": "XYZ", 
            "attribute_event": "click", 
            "name": "All Gear Types", 
            "source": "", 
            "url": "http://s3.amazonaws.com/marco-public-2d/Fishing/AllGearTypes/${z}/${x}/${y}.png", 
            "kml": "https://d24dyyc6o1jlsa.cloudfront.net/HumanUse/Fishing_Effort/Fishing_Effort_All_Gear_Types_Files/Fishing_Effort_All_Gear_Types.kmz", 
            "attribute_fields": [], 
            "fact_sheet": "", 
            "thumbnail": "", 
            "themes": [
                4
            ], 
            "bookmark": "", 
            "attribute_title": "", 
            "sublayers": [
                15
            ], 
            "is_sublayer": true, 
            "map_tiles": "", 
            "metadata": "", 
            "utfurl": "", 
            "legend": "https://s3.amazonaws.com/marco-public-2d/Fishing/AllGearTypes/legend.png", 
            "data_download": "", 
            "description": "This is an extract of Fishing Vessel Trip Report (FVTR) data that The Nature Conservancy compiled from raw data received from the National Marine Fisheries Service (NMFS). The owner/operator of a vessel issued a federal fishery permit with FVTR requirements is required to submit FVTRs for each trip taken. The National Marine Fisheries Service requires this information for the conservation and management of marine fishery resources in accordance with the Magnuson-Stevens Fishery Conservation and Management Act. The data reported are used to develop, implement, and monitor fishery management strategies and for a variety of other uses.<br><br>\r\nReported information includes fishing effort, location and gear type for each trip, among other information. This particular data set represents fishing effort (days fished) compiled by ten-minute square (areas that are 10 minutes of longitude by 10 minutes of latitude) for a 10-year period (2000-2009)."
        }
    }, 
    {
        "pk": 12, 
        "model": "data_manager.layer", 
        "fields": {
            "layer_type": "XYZ", 
            "attribute_event": "click", 
            "name": "Bottom Gear Types", 
            "source": "", 
            "url": "http://s3.amazonaws.com/marco-public-2d/Fishing/BottomGearTypes/${z}/${x}/${y}.png", 
            "kml": "https://d24dyyc6o1jlsa.cloudfront.net/HumanUse/Fishing_Effort/Fishing_Effort_Bottom_Gear_Types_Files/Fishing_Effort_Bottom_Gear_Types.kmz", 
            "attribute_fields": [], 
            "fact_sheet": "", 
            "thumbnail": "", 
            "themes": [
                4
            ], 
            "bookmark": "", 
            "attribute_title": "", 
            "sublayers": [
                15
            ], 
            "is_sublayer": true, 
            "map_tiles": "", 
            "metadata": "", 
            "utfurl": "", 
            "legend": "https://s3.amazonaws.com/marco-public-2d/Fishing/BottomGearTypes/legend.png", 
            "data_download": "", 
            "description": "This is an extract of Fishing Vessel Trip Report (FVTR) data that The Nature Conservancy compiled from raw data received from the National Marine Fisheries Service (NMFS). The owner/operator of a vessel issued a federal fishery permit with FVTR requirements is required to submit FVTRs for each trip taken. The National Marine Fisheries Service requires this information for the conservation and management of marine fishery resources in accordance with the Magnuson-Stevens Fishery Conservation and Management Act. The data reported are used to develop, implement, and monitor fishery management strategies and for a variety of other uses.<br><br>\r\nReported information includes fishing effort, location and gear type for each trip, among other information. This particular data set represents fishing effort (days fished) by bottom contacting mobile gear compiled by ten-minute square (areas that are 10 minutes of longitude by 10 minutes of latitude) for a 10-year period (2000-2009)."
        }
    }, 
    {
        "pk": 13, 
        "model": "data_manager.layer", 
        "fields": {
            "layer_type": "XYZ", 
            "attribute_event": "click", 
            "name": "Pelagic Gear Types", 
            "source": "", 
            "url": "http://s3.amazonaws.com/marco-public-2d/Fishing/PelagicGearTypes/${z}/${x}/${y}.png", 
            "kml": "https://d24dyyc6o1jlsa.cloudfront.net/HumanUse/Fishing_Effort/Fishing_Effort_Pelagic_Gear_Types_Files/Fishing_Effort_Pelagic_Gear_Types.kmz", 
            "attribute_fields": [], 
            "fact_sheet": "", 
            "thumbnail": "", 
            "themes": [
                4
            ], 
            "bookmark": "", 
            "attribute_title": "", 
            "sublayers": [
                15
            ], 
            "is_sublayer": true, 
            "map_tiles": "", 
            "metadata": "", 
            "utfurl": "", 
            "legend": "https://s3.amazonaws.com/marco-public-2d/Fishing/PelagicGearTypes/legend.png", 
            "data_download": "", 
            "description": "This is an extract of Fishing Vessel Trip Report (FVTR) data that The Nature Conservancy compiled from raw data received from the National Marine Fisheries Service (NMFS). The owner/operator of a vessel issued a federal fishery permit with FVTR requirements is required to submit FVTRs for each trip taken. The National Marine Fisheries Service requires this information for the conservation and management of marine fishery resources in accordance with the Magnuson-Stevens Fishery Conservation and Management Act. The data reported are used to develop, implement, and monitor fishery management strategies and for a variety of other uses.<br><br>\r\nReported information includes fishing effort, location and gear type for each trip, among other information. This particular data set represents fishing effort (days fished) by pelagic gear compiled by ten-minute square (areas that are 10 minutes of longitude by 10 minutes of latitude) for a 10-year period (2000-2009)."
        }
    }, 
    {
        "pk": 14, 
        "model": "data_manager.layer", 
        "fields": {
            "layer_type": "XYZ", 
            "attribute_event": "click", 
            "name": "Summer Flounder Landings", 
            "source": "", 
            "url": "http://s3.amazonaws.com/marco-public-2d/Fishing/SummerFlounderLandings/${z}/${x}/${y}.png", 
            "kml": "https://d24dyyc6o1jlsa.cloudfront.net/HumanUse/Fishing_Effort/Fishing_Effort_Summer_Flounder_Landings_Files/Fishing_Effort_Summer_Flounder_Landings.kmz", 
            "attribute_fields": [], 
            "fact_sheet": "", 
            "thumbnail": "", 
            "themes": [
                4
            ], 
            "bookmark": "", 
            "attribute_title": "", 
            "sublayers": [
                15
            ], 
            "is_sublayer": true, 
            "map_tiles": "", 
            "metadata": "", 
            "utfurl": "", 
            "legend": "https://s3.amazonaws.com/marco-public-2d/Fishing/SummerFlounderLandings/legend.png", 
            "data_download": "", 
            "description": "This is an extract of Fishing Vessel Trip Report (FVTR) data that The Nature Conservancy compiled from raw data received from the National Marine Fisheries Service (NMFS). The owner/operator of a vessel issued a federal fishery permit with FVTR requirements is required to submit FVTRs for each trip taken. The National Marine Fisheries Service requires this information for the conservation and management of marine fishery resources in accordance with the Magnuson-Stevens Fishery Conservation and Management Act. The data reported are used to develop, implement, and monitor fishery management strategies and for a variety of other uses.<br><br>\r\nReported information includes fishing effort, location and gear type for each trip, among other information. This particular data set represents fishing effort (days fished) and landings for one species (summer flounder) compiled by ten-minute square (areas that are 10 minutes of longitude by 10 minutes of latitude) for a 10-year period (2000-2009)."
        }
    }, 
    {
        "pk": 1, 
        "model": "data_manager.attributeinfo", 
        "fields": {
            "field_name": "STATE", 
            "display_name": "State:", 
            "order": 1
        }
    }, 
    {
        "pk": 2, 
        "model": "data_manager.attributeinfo", 
        "fields": {
            "field_name": "NAME", 
            "display_name": "", 
            "order": 1
        }
    }, 
    {
        "pk": 3, 
        "model": "data_manager.attributeinfo", 
        "fields": {
            "field_name": "PROT_NAME", 
            "display_name": "", 
            "order": 1
        }
    }, 
    {
        "pk": 1, 
        "model": "data_manager.dataneed", 
        "fields": {
            "status": "Efforts underway to incorporate authorized data into Portal\r\n", 
            "name": "Military, hazard and restricted areas", 
            "expected_date": "Unknown ", 
            "notes": "DOD has produced draft East Coast OCS Wind Energy Assessment for BOEM; in addition, DOD Oil and Gas Stipulation Layer exists on Cadastre\r\n", 
            "source": "USCG & DOD including ACOE, Navy, etc. ", 
            "contact": "Brian Smith, NOAA CSC  ", 
            "contact_email": "brian.m.smith@noaa.gov", 
            "description": "Information pertaining to uses of the marine environment by the Department of Defense for training, classified or restricted areas, with unexploded ordinances, etc.\r\n"
        }
    }, 
    {
        "pk": 3, 
        "model": "data_manager.dataneed", 
        "fields": {
            "status": "Efforts underway to incorporate authorized data into Portal\r\n", 
            "name": "Marine Mammals--Sightings per Unit Effort (SPUE) ", 
            "expected_date": "As soon as vetted by Portal Data Review Team ", 
            "notes": "Need to add summary data layers with SPUE grids combined for multiple species and seasons (e.g. all toothed whales).  Assessed species include include fin whale, humpback whale, minke whale, northern Atlantic right whale, sperm whale, sei whale, Atlantic whitesided dolphin, bottlenose dolphin, harbor porpoise, and Atlantic striped dolphin.\r\n", 
            "source": "\"TNC NAM ERA compiled data;  source of data U.S. Navy Marine Resource Assessment (MRA) for the Northeast and Virginia Capes\" ", 
            "contact": "Jennifer Greene, The Nature Conservancy ", 
            "contact_email": "jgreene@tnc.org", 
            "description": "\"Important areas for marine mammals were\r\ndetermined from point sightings data. Data were assessed, combined and converted from seasonal species sightings into ten minute squares and effort-corrected. The resulting sightings per unit effort (SPUE) grids were used to identify important areas within the region for each species.\"\r\n"
        }
    }, 
    {
        "pk": 4, 
        "model": "data_manager.dataneed", 
        "fields": {
            "status": "Efforts underway to incorporate authorized data into Portal\r\n", 
            "name": "Turtles --Sightings per Unit Effort (SPUE) ", 
            "expected_date": "As soon as vetted by Portal Data Review Team ", 
            "notes": "Need to add summary SPUE grid for all three species assessed (green, leatherback and Atlantic loggerhead turtles) across seasons.\r\n", 
            "source": "\"TNC NAM ERA compiled data;  source of data U.S. Navy Marine Resource Assessment (MRA) for the Northeast and Virginia Capes\" ", 
            "contact": "Jennifer Greene, The Nature Conservancy ", 
            "contact_email": "jgreene@tnc.org", 
            "description": "Important areas for sea turtles were determined from point sightings data. Data were assessed, combined and converted from seasonal species sightings into ten minute squares and effort-corrected.  The resulting sightings per unit effort (SPUE) grids were used to identify important areas within the region for each species.\r\n"
        }
    }, 
    {
        "pk": 2, 
        "model": "data_manager.dataneed", 
        "fields": {
            "status": "Efforts underway to incorporate authorized data into Portal\r\n", 
            "name": "Coldwater coral locations  ", 
            "expected_date": "June, 2012 ", 
            "notes": "Points represent only where corals were observed.  The absence of a point does not necessarily indicate the absence of corals. \r\n", 
            "source": "Multiple sources ", 
            "contact": "Dan Dorfman , NOAA Biogeography Branch  ", 
            "contact_email": "dan.dorfman@noaa.gov", 
            "description": "Known point locations on coldwater corals and associated taxonomic information in Mid-Atlantic\r\n"
        }
    }
]